Unnamed: 0,ds,y,yhat,y_res,y_res_smooth,y_res_stat,day,unit,level_1,smooth_first,smooth_last,smooth_mean,y_first,y_mean,y_last,y_first2,y_mean2,y_last2
288,2022-09-29 00:04:00,436451.1000000001,424145.9655635382,12305.1344364619,6009.148106431905,6295.986330029995,20220929,0,0,6211.304,6211.304,6211.304,436653.25609278696,436653.25609278696,436653.25609278696,430357.26976275694,430357.26976275694,430357.26976275694
289,2022-09-29 00:09:00,424906.3833333335,415514.0304036723,9392.352929661169,8259.256114842348,1133.0968148188183,20220929,1,0,5851.305,8642.793,7247.049,422498.43239427236,423894.1760466161,425289.9201872411,421365.33557945356,422761.0792317973,424156.8233724223
290,2022-09-29 00:14:00,411986.6633333334,406905.2754750098,5081.387858323578,7967.240636776708,-2885.8527784531298,20220929,2,0,3163.0854,8333.042,6371.621,407182.5081457754,410391.04379030666,412352.46468874416,410068.36092422856,413276.8965687598,415238.3174671973
291,2022-09-29 00:19:00,405054.64,398328.6695157751,6725.970484224905,5286.822924622567,1439.1475596023383,20220929,3,0,-818.62866,6125.23,3019.4749,398949.1884132681,402787.2919288931,405893.0470558462,397510.04085366573,401348.14436929073,404453.89949624386
292,2022-09-29 00:24:00,391246.3966666668,389793.0863488732,1453.31031779357,1447.7791090408195,5.5312087527504445,20220929,4,0,-5396.637,3668.9512,-198.96689,384401.98035059473,389599.65066919825,393467.568729501,384396.44914184196,389594.1194604455,393462.0375207482
293,2022-09-29 00:29:00,377474.99000000017,381307.3205873023,-3832.330587302102,-2287.667915336216,-1544.662671965886,20220929,5,0,-5213.015,359.48593,-1460.6166,374549.6427786177,378302.041338188,380122.1438467329,376094.3054505836,379846.7040101539,381666.8065186988
294,2022-09-29 00:34:00,367552.13,372880.1032483727,-5327.973248372669,-5274.04130380373,-53.93194456893889,20220929,6,0,-6146.861,-3114.5398,-2619.556,366679.31046396,370206.6153956006,369711.63150888187,366733.2424085289,370260.54734016955,369765.5634534508
295,2022-09-29 00:39:00,358682.8433333336,364520.11697437055,-5837.27364103694,-7528.603667819304,1691.3300267823645,20220929,7,0,-6650.087,-5639.371,-3600.2205,359561.3600870904,362611.22654216853,360572.0759074029,357870.03006030805,360919.8965153862,358880.74588062055
296,2022-09-29 00:44:00,347289.1999999999,356236.0106267331,-8946.810626733233,-9204.592331922366,257.7817051891325,20220929,8,0,-7210.5728,-8098.3003,-4430.377,349283.219578016,352063.4153787973,348395.4920389535,349025.4378728269,351805.6336736081,348137.7103337644
297,2022-09-29 00:49:00,336592.26333333337,348036.41288674343,-11444.149553410069,-10170.635418013875,-1273.5141353961917,20220929,9,0,-7374.8994,-9667.634,-5017.8423,339387.99933728477,341745.056466191,337095.26496228477,340661.51347268093,343018.5706015872,338368.77909768093
298,2022-09-29 00:54:00,329441.54333333333,339929.9446748153,-10488.40134148195,-10324.113464162325,-164.2878773196262,20220929,10,0,-8666.171,-9520.828,-5072.976,331099.48589905817,334692.6807232769,330244.82867249567,331263.7737763778,334856.96860059653,330409.1165498153
299,2022-09-29 00:59:00,320505.0400000001,331925.2300424231,-11420.190042423026,-10175.79880772756,-1244.3912346954658,20220929,11,0,-9818.928,-10475.827,-5451.5986,320861.9110733527,325229.2401749152,320205.0116592902,322106.3023080481,326473.6314096106,321449.4028939856
300,2022-09-29 01:04:00,316096.19666666666,324030.90546165506,-7934.708794988401,-10744.480033544958,2809.7712385565574,20220929,12,0,-6150.6235,-10342.553,-4160.722,320690.05316505535,322679.95453224285,316498.1239658366,317880.2819264988,319870.1832936863,313688.35272728006
301,2022-09-29 01:09:00,303492.4233333332,316255.6270939175,-12763.203760584292,-12671.997662610072,-91.20609797422004,20220929,13,0,-4668.0713,-11719.9375,-4036.3367,311496.3497068808,312128.08432602143,304444.4834959433,311587.555804855,312219.29042399564,304535.6895939175
302,2022-09-29 01:14:00,291974.24000000005,308608.07596196583,-16633.835961965786,-15552.446375702117,-1081.3895862636691,20220929,14,0,-314.09918,-14873.865,-5328.221,307212.58719357324,302198.4651842959,292652.82114132715,308293.9767798369,303279.8547705596,293734.21072759083
303,2022-09-29 01:19:00,282533.21,301096.96087024745,-18563.75087024743,-18265.66616896703,-298.0847012804006,20220929,15,0,-2759.135,-16618.94,-6751.8843,298039.7411592014,294046.9918916233,284179.93671584205,298337.8258604818,294345.0765929037,284478.02141712245
304,2022-09-29 01:24:00,274060.6233333334,293731.0188322978,-19670.39549896441,-19861.610330357085,191.2148313926737,20220929,16,0,-2752.2004,-17961.756,-7039.684,291170.0332242374,286882.54958165926,275960.4778043155,290978.8183928447,286691.3347502666,275769.2629729228
305,2022-09-29 01:29:00,266795.58,286519.0129581273,-19723.43295812729,-20060.70002871856,337.26707059126784,20220929,17,0,-541.45074,-17822.145,-5869.2017,286314.8292840897,280987.07836856233,269034.1354974686,285977.5622134984,280649.81129797106,268696.8684268773
306,2022-09-29 01:34:00,259826.0866666668,279469.72768165736,-19643.64101499057,-19180.42350339765,-463.2175115929167,20220929,18,0,2519.5247,-17205.908,-4605.602,281526.0348282676,274400.9081192832,261800.60196693943,281989.2523398605,274864.1256308761,262263.81947853236
307,2022-09-29 01:39:00,254207.47000000003,272591.9612397138,-18384.4912397138,-17859.267080636226,-525.2241590775702,20220929,19,0,4665.8096,-17561.89,-4007.6418,276732.54665094876,268059.09523493313,254504.84645563626,277257.7708100263,268584.3193940107,255030.07061471383
308,2022-09-29 01:44:00,250664.78666666668,265894.5154167726,-15229.728750105947,-16711.222186131825,1481.4934360258776,20220929,20,0,6483.3076,-16014.467,-3488.7937,273859.316469986,263887.2151516266,251361.5420559235,272377.8230339601,262405.72171560075,249880.04861989763
309,2022-09-29 01:49:00,244175.38333333336,259386.1824867684,-15210.799153435017,-15919.675109453165,708.8759560181497,20220929,21,0,7650.496,-15062.942,-3021.5088,267745.55453653657,257073.54965372407,245032.11605997407,267036.6785805184,256364.6736977059,244323.2401039559
310,2022-09-29 01:54:00,236331.53333333344,253075.72942692984,-16744.1960935964,-15189.944051180608,-1554.2520424157938,20220929,22,0,8152.8545,-13626.005,-2672.846,259674.33187670156,248848.63143724843,237895.47250170156,261228.58391911734,250402.88347966422,239449.72454411734
311,2022-09-29 01:59:00,229676.2666666667,246971.879399632,-17295.612732965266,-14356.558433825392,-2939.0542991398743,20220929,23,0,7661.904,-12744.719,-2296.7185,251694.72890908585,241736.10659463273,231288.1063504921,254633.78320822574,244675.1608937726,234227.160649632
312,2022-09-29 02:04:00,231976.7,241083.29062688557,-9106.590626885532,-13864.430495421144,4757.839868535612,20220929,24,0,8769.495,-12040.998,-1428.6654,254610.62561260868,244412.46509014774,233800.13244854618,249852.78574407307,239654.62522161214,229042.29258001057
313,2022-09-29 02:09:00,220780.57,235418.53272532823,-14637.962725328223,-14210.993184305267,-426.969541022956,20220929,25,0,8453.95,-12126.881,-1087.6815,243445.51337961777,233903.88166575058,222864.68232493027,243872.48292064073,234330.85120677354,223291.65186595323
314,2022-09-29 02:14:00,213757.9333333334,229986.06070215712,-16228.127368823712,-15065.487054672369,-1162.6403141513438,20220929,26,0,7867.012,-11962.429,-1166.9833,236690.43259503704,227656.4371116386,216860.9916770683,237853.07290918837,228819.07742578993,218023.63199121962
315,2022-09-29 02:19:00,208937.37000000005,224794.18668498183,-15856.816684981808,-15449.993010667356,-406.8236743144517,20220929,27,0,6273.7583,-12120.294,-1263.7793,230661.12131144863,223123.58371379238,212267.06906535488,231067.94498576308,223530.40738810683,212673.89273966933
316,2022-09-29 02:24:00,204607.28666666665,219851.0496494264,-15243.76298275977,-14783.37984585858,-460.3831369011914,20220929,28,0,5666.476,-11853.956,-1114.1653,225057.14258674395,218276.50122932208,207536.7104578377,225517.52572364514,218736.88436622327,207997.0935947389
317,2022-09-29 02:29:00,202189.06,215164.58329030988,-12975.52329030988,-13465.0867854025,489.5634950926196,20220929,29,0,6948.5273,-10873.501,-417.29214,222602.6741291525,215236.8546406271,204780.64580884,222113.11063405988,214747.2911455345,204291.08231374738
318,2022-09-29 02:34:00,198693.15,210742.48236863548,-12049.332368635483,-12461.258028225646,411.9256595901607,20220929,30,0,9925.53,-9398.592,666.0109,221079.93830166315,211820.41895351862,201755.81623135065,220668.01264207298,211408.49329392845,201343.89057176048
319,2022-09-29 02:39:00,194653.24666666667,206592.1676667024,-11938.921000035742,-12431.420881299971,492.4998812642316,20220929,31,0,10765.735,-9424.284,1758.7933,217850.40289952912,208843.46088292755,197660.38336827912,217357.9030182649,208350.96100166332,197167.8834870149
320,2022-09-29 02:44:00,189639.37333333344,202720.7498970776,-13081.376563744125,-13170.148970837825,88.77240709369835,20220929,32,0,11374.0625,-9736.794,2474.6956,214183.5848041713,205284.2178608119,193072.7283588588,214094.8123970776,205195.44545371822,192983.9559517651
321,2022-09-29 02:49:00,184850.99,199134.9928701756,-14284.00287017558,-13783.252313767904,-500.7505564076746,20220929,33,0,12442.984,-10786.758,2939.8965,211077.22668876793,201574.13879814293,187847.48450126793,211577.9772451756,202074.8893545506,188348.2350576756
322,2022-09-29 02:54:00,181967.5233333333,195841.27615402167,-13873.752820688387,-13472.551146491063,-401.20167419732206,20220929,34,0,13345.052,-10655.483,3069.3342,208785.12623763684,198509.40870833996,184784.59108138684,209186.32791183417,198910.6103825373,185185.79275558417
323,2022-09-29 02:59:00,178046.4866666667,192845.5576030072,-14799.07093634049,-12310.156455154012,-2488.914481186477,20220929,35,0,13696.078,-9724.577,2894.72,204052.72124682073,193251.36309252385,180632.06597338323,206541.6357280072,195740.27757371034,183120.9804545697
324,2022-09-29 03:04:00,183781.07,190153.3360368255,-6372.266036825487,-11219.384059555614,4847.118022730127,20220929,36,0,14087.79,-9815.469,2172.1738,209088.24409861813,197172.62788768063,185184.98530955563,204241.126075888,192325.5098649505,180337.8672868255
325,2022-09-29 03:09:00,174745.42333333334,187769.61441179668,-13024.191078463336,-11039.142198243091,-1985.048880220245,20220929,37,0,12023.375,-9687.221,1145.5946,197807.94053157643,186930.16013606862,176097.34482845143,199792.98941179668,188915.20901628886,178082.39370867168
326,2022-09-29 03:14:00,174346.2033333333,185698.8638326883,-11352.660499355,-11677.553344602124,324.89284524712457,20220929,38,0,10351.219,-10972.631,-238.274,196374.97542793542,185785.48267586023,175051.12581856042,196050.0825826883,185460.5898306131,174726.2329733133
327,2022-09-29 03:19:00,171334.79666666657,183944.98868734832,-12610.192020681745,-12324.410273164576,-285.7817475171687,20220929,39,0,9899.456,-11689.365,-1635.744,193558.66299451864,182023.46292127646,171969.84170545614,193844.44474203582,182309.24466879363,172255.62345297332
328,2022-09-29 03:24:00,168723.94333333342,182511.29329377803,-13787.349960444611,-12383.09706954335,-1404.2528909012617,20220929,40,0,8695.598,-11699.729,-2824.5488,189802.63805912677,178282.49157475177,169407.31188725177,191206.89095002803,179686.74446565303,170811.56477815303
329,2022-09-29 03:29:00,170258.73333333337,181400.4503126325,-11141.716979299175,-12089.605023434022,947.8880441348448,20220929,41,0,5729.0337,-11109.245,-4346.337,188077.37204817362,178002.00144270487,171239.09323957987,187129.48400403876,177054.11339857,170291.205195445
330,2022-09-29 03:34:00,168848.04666666672,180614.4712987357,-11766.424632068984,-12288.596262409144,522.1716303401572,20220929,42,0,4523.5522,-10624.753,-5782.69,185660.19517516962,175353.95298766962,170511.88999938837,185138.02354482946,174831.78135732946,169989.7183690482
331,2022-09-29 03:39:00,166504.96333333332,180154.6796599924,-13649.71632665908,-13651.914526620094,2.198199961014325,20220929,43,0,2806.0542,-11732.261,-7318.565,182962.93205917216,172838.31291854716,168424.6171177659,182960.73385921115,172836.11471858615,168422.4189178049
332,2022-09-29 03:44:00,164320.5766666667,180021.6863150766,-15701.10964840991,-16071.939013855845,370.829365445934,20220929,44,0,1593.3177,-13533.859,-8874.368,181985.83342954598,171518.14751646004,166858.65630552254,181615.00406410004,171147.3181510141,166487.8269400766
333,2022-09-29 03:49:00,161550.95333333337,180215.3683387797,-18664.41500544629,-18731.82001641504,67.40501096874141,20220929,45,0,-927.32214,-17045.727,-10978.425,179355.45120619374,169304.34854506093,163237.04678724843,179288.046195225,169236.9435340922,163169.6417762797
334,2022-09-29 03:54:00,158746.16000000003,180734.85082810448,-21988.690828104445,-20803.157177424426,-1185.5336506800231,20220929,46,0,-6230.436,-19254.734,-13018.575,173318.8811422682,166530.74198211194,160294.58280242444,174504.41479294823,167716.27563279198,161480.11645310448
335,2022-09-29 03:59:00,156888.92,181578.4922226608,-24689.57222266079,-22254.54147482872,-2435.030747832072,20220929,47,0,-6277.7715,-20828.521,-14698.556,172865.68999045374,164444.90581076624,158314.93999045374,175300.7207382858,166879.9365585983,160749.9707382858
336,2022-09-29 04:04:00,164020.02000000005,182743.87330472388,-18723.85330472383,-23928.90321248174,5205.049907757908,20220929,48,0,-11115.184,-22885.514,-16633.746,176833.73961873178,171315.17711873178,165063.40954060678,171628.68971097388,166110.12721097388,159858.35963284888
337,2022-09-29 04:09:00,156007.78999999998,184227.79004253988,-28220.000042539905,-26606.755193596426,-1613.2448489434828,20220929,49,0,-12007.06,-25303.078,-18548.213,170607.4856232839,164066.3323029714,157311.4670685964,172220.73047222738,165679.57715191488,158924.71191753988
338,2022-09-29 04:14:00,155010.9033333333,186026.2504417955,-31015.34710846221,-30136.43620276627,-878.910905695946,20220929,50,0,-13114.74,-28520.459,-21418.428,172032.59930172455,163728.91180172455,156626.88055172455,172911.5102074205,164607.8227074205,157505.7914574205
339,2022-09-29 04:19:00,154279.71666666662,188134.47553473295,-33854.75886806636,-33709.246699377465,-145.51216868889605,20220929,51,0,-15299.902,-30761.812,-24486.703,172689.06102229404,163502.26024104404,157227.15086604404,172834.57319098295,163647.77240973295,157372.66303473295
340,2022-09-29 04:24:00,154146.9566666667,190546.90458861645,-36399.94792194976,-36738.16272222577,338.21480027600774,20220929,52,0,-23546.775,-33328.39,-27656.797,167338.34399826746,163228.32251389246,157556.72876389246,167000.12919799145,162890.10771361645,157218.51396361645
341,2022-09-29 04:29:00,153655.33666666664,193257.20462118072,-39601.86795451408,-39236.53694650208,-365.3310080119991,20220929,53,0,-28289.578,-35927.63,-30380.596,164602.29548816872,162511.27791004372,156964.24470691872,164967.62649618072,162876.60891805572,157329.57571493072
342,2022-09-29 04:34:00,155219.93333333335,196258.2842378454,-41038.350904512045,-41561.08276567087,522.7318611588271,20220929,54,0,-29115.416,-38631.7,-32964.242,167665.60008337922,163816.77391150422,158149.31688025422,167142.8682222204,163294.0420503454,157626.5850190954
343,2022-09-29 04:39:00,155668.23333333334,199542.31180352796,-43874.0784701946,-43986.86257111759,112.784100922996,20220929,55,0,-31721.088,-41838.996,-36501.17,167934.00801382595,163153.92402945095,157816.09981070095,167821.22391290296,163041.13992852796,157703.31570977796
344,2022-09-29 04:44:00,156765.64666666667,203100.7379123892,-46335.09124572249,-46454.56392545232,119.47267972982807,20220929,56,0,-35231.79,-44770.875,-40845.992,167988.42152961902,162374.21840461902,158449.33559211902,167868.9488498892,162254.7457248892,158329.8629123892
345,2022-09-29 04:49:00,158098.03333333333,206924.3220791311,-48826.28874579776,-48654.64240189825,-171.64634389951243,20220929,57,0,-45409.79,-46731.61,-45844.793,161342.88667273158,160907.88276648158,160021.06636023158,161514.5330166311,161079.5291103811,160192.7127041311
346,2022-09-29 04:54:00,160114.75666666665,211003.1635715516,-50888.406904884905,-50427.932052118194,-460.4748527667107,20220929,58,0,-49582.71,-51506.74,-49892.613,160959.9777812849,160650.0754375349,159035.9504375349,161420.4526340516,161110.5502903016,159496.4252903016
347,2022-09-29 04:59:00,161237.76999999996,215326.73624581625,-54088.96624581626,-52150.564359445576,-1938.401886370688,20220929,59,0,-50801.78,-52939.355,-52579.113,162586.55310944555,160809.22107819555,160448.97889069555,164524.95499581625,162747.62296456625,162387.38077706625
348,2022-09-29 05:04:00,169401.63333333336,219883.92721565923,-50482.293882325874,-54567.258691527626,4084.964809201752,20220929,60,0,-51509.71,-53973.883,-54369.53,172459.18108736098,169599.36077486098,169995.00921236098,168374.21627815923,165514.39596565923,165910.04440315923
349,2022-09-29 05:09:00,165337.23333333328,224663.0791633231,-59325.84582998982,-58000.68796251103,-1325.1578674787888,20220929,61,0,-54832.97,-60996.707,-56801.99,168504.9525458443,166535.9330145943,162341.2142645943,169830.1104133231,167861.0908820731,163666.3721320731
350,2022-09-29 05:14:00,167535.80666666664,229652.036084804,-62116.229418137314,-61798.63559936844,-317.59381876887346,20220929,62,0,-55977.168,-62225.85,-59600.87,173357.27429728513,169733.57117228513,167108.59070353513,173674.868116054,170051.164991054,167426.184522304
351,2022-09-29 05:19:00,169250.14333333334,234838.19217331283,-65588.04883997948,-64784.9580917413,-803.0907482381808,20220929,63,0,-58572.297,-65698.9,-62339.42,175462.80455007465,171695.67955007465,168336.20298757465,176265.89529831283,172498.77029831283,169139.29373581283
352,2022-09-29 05:24:00,174838.52999999997,240208.54361043012,-65370.01361043018,-66227.41334093071,857.3997305005323,20220929,64,0,-62936.797,-67467.43,-64892.723,178129.14646593065,176173.22068468065,173598.51365343065,177271.74673543012,175315.82095418012,172741.11392293012
353,2022-09-29 05:29:00,177544.33666666664,245749.74296407503,-68205.4062974084,-66345.49910320323,-1859.907194205167,20220929,65,0,-65616.266,-69653.86,-66216.38,178273.57014486985,177673.45295736985,174235.97639486985,180133.47733907503,179533.36015157503,176095.88358907503
354,2022-09-29 05:34:00,187359.6766666667,251448.1557746822,-64088.47910801551,-66039.04760522705,1950.5684972115412,20220929,66,0,-65923.58,-70666.336,-67527.08,187475.14614689373,185871.64614689373,182732.38833439373,185524.5776496822,183921.0776496822,180781.8198371822
355,2022-09-29 05:39:00,191391.69,257289.91912197124,-65898.22912197124,-66093.52426389567,195.29514192443455,20220929,67,0,-67076.99,-73240.29,-68838.13,190408.22207639567,188647.08145139567,184244.92520139567,190212.92693447124,188451.78630947124,184049.63005947124
356,2022-09-29 05:44:00,197164.36,263261.00169538497,-66096.64169538498,-66433.23782098574,336.59612560075766,20220929,68,0,-67452.516,-71937.47,-69694.0,196145.0821959857,193903.5978209857,191660.1290709857,195808.48607038497,193567.00169538497,191323.53294538497
357,2022-09-29 05:49:00,202547.1433333333,269347.2650604171,-66800.12172708381,-66104.45441239668,-695.6673146871326,20220929,69,0,-69074.65,-74328.23,-71149.03,199576.94930823,197502.56649573,194323.37118323,200272.61662291712,198198.23381041712,195019.03849791712
358,2022-09-29 05:54:00,211422.23000000004,275534.52565324726,-64112.295653247216,-64138.647823619474,26.352170372258115,20220929,70,0,-69099.8,-72796.43,-70841.44,206461.08094861952,204719.44032361952,202764.44813611952,206434.72877824726,204693.08815324726,202738.09596574726
359,2022-09-29 05:59:00,217191.1766666665,281808.61718615727,-64617.440519490745,-60609.06766665119,-4008.372852839559,20220929,71,0,-68714.91,-69594.07,-68697.664,209085.3380833177,209102.5802708177,208206.1740208177,213093.71093615727,213110.95312365727,212214.54687365727
360,2022-09-29 06:04:00,236913.47666666663,288155.45298957766,-51241.97632291104,-56804.55031120072,5562.573988289681,20220929,72,0,-63588.773,-62734.316,-64046.652,230129.25354036735,229671.37463411735,230983.71057161735,224566.67955207766,224108.80064582766,225421.13658332766
361,2022-09-29 06:09:00,239790.1666666666,294561.0879267249,-54770.92126005833,-54102.91309572711,-668.0081643312151,20220929,73,0,-57299.3,-60869.84,-60603.688,236593.77898114373,233289.39226239373,233023.23991864373,237261.78714547493,233957.40042672493,233691.24808297493
362,2022-09-29 06:14:00,247499.83666666667,301011.7794075478,-53511.94274088112,-52657.940245101934,-854.0024957791829,20220929,74,0,-55569.79,-56988.47,-58134.688,244587.9878492686,242023.0894117686,243169.3081617686,245441.9903450478,242877.0919075478,244023.3106575478
363,2022-09-29 06:19:00,255880.87,307494.04716806416,-51613.17716806417,-51390.88366755285,-222.2935005113177,20220929,75,0,-50770.973,-50025.414,-55123.797,256500.78101130284,252147.95679255284,257246.33960505284,256723.07451181416,252370.25029306416,257468.63310556416
364,2022-09-29 06:24:00,264686.6833333333,313994.7313303337,-49308.0479970004,-49158.29755568052,-149.7504413198767,20220929,76,0,-45433.93,-49428.664,-50735.934,268411.0512015138,263109.0472952638,264416.3168265138,268560.8016428337,263258.7977365837,264566.0672678337
365,2022-09-29 06:29:00,273056.5166666667,320501.0484259449,-47444.53175927815,-45785.6166324352,-1658.915126842956,20220929,77,0,-39172.723,-44575.816,-46073.168,279669.4106428519,272768.9653303519,274266.3168928519,281328.3257696949,274427.8804571949,275925.2320196949
366,2022-09-29 06:34:00,287317.89,327000.64494182,-39682.75494181999,-42159.07476747048,2476.319825650484,20220929,78,0,-37590.168,-38085.12,-40299.496,291886.7967987205,289177.4686737205,291391.8436737205,289410.47697307,286701.14884807,288915.52384807
367,2022-09-29 06:39:00,292536.1033333332,333481.64803512103,-40945.54470178782,-39441.655765416006,-1503.8889363718115,20220929,79,0,-34584.05,-34517.08,-35099.887,297393.7083174992,296877.8723799992,297460.6809737492,298897.59725387103,298381.76131637103,298964.56991012103
368,2022-09-29 06:44:00,303717.05000000016,339932.7131069305,-36215.663106930326,-38003.75654485175,1788.0934379214232,20220929,80,0,-30876.53,-32154.23,-31082.021,310844.2772479769,310638.7850604769,309566.5760761019,309056.1838100555,308850.6916225555,307778.4826381805
369,2022-09-29 06:49:00,310778.1099999999,346343.06780969223,-35564.95780969231,-36833.88849233896,1268.9306826466564,20220929,81,0,-23766.219,-31761.309,-27117.547,323845.77974233887,320494.45161733887,315850.68989858887,322576.84905969223,319225.52093469223,314581.75921594223
370,2022-09-29 06:54:00,316973.35666666663,352702.55228886334,-35729.19562219671,-34050.10752083194,-1679.088101364774,20220929,82,0,-21450.53,-29370.916,-22900.383,329572.93489062355,328123.08137499855,321652.54817187355,331252.02299198834,329802.16947636334,323331.63627323834
371,2022-09-29 06:59:00,324966.4366666667,359001.6553500317,-34035.218683364976,-28516.759344095262,-5518.459339269713,20220929,83,0,-10102.786,-24701.434,-16983.162,343380.40987794945,336500.03390138695,328781.76241701195,348898.8692172192,342018.4932406567,334300.2217562817
372,2022-09-29 07:04:00,349129.61,365231.5461900988,-16101.936190098815,-21181.040613971385,5079.10442387257,20220929,84,0,731.2365,-15039.295,-8460.791,371041.8871252018,361849.85959834635,355271.35569209635,365962.78270132927,356770.7551744738,350192.2512682238
373,2022-09-29 07:09:00,358807.54333333333,371384.1016619888,-12576.558328655432,-14340.621907138271,1764.063578482841,20220929,85,0,8587.787,-7420.979,613.29553,381735.95234984666,373761.4607726982,365727.1862365654,379971.8887713638,371997.3971942154,363963.1226580826
374,2022-09-29 07:14:00,367413.1399999999,377451.9287174495,-10038.788717449585,-9430.101444610804,-608.6872728387807,20220929,86,0,11752.012,-4235.721,5801.1714,388595.2531633607,382644.41283132945,372607.52025320445,389203.9404361995,383253.10010416823,373216.20752604323
375,2022-09-29 07:19:00,376020.3966666668,383428.38197435584,-7407.985307689058,-5969.301273035522,-1438.6840346535355,20220929,87,0,12359.22,-3078.933,6661.605,394348.9176662648,388651.30292017106,378910.76483423356,395787.60170091834,390089.9869548246,380349.4488688871
376,2022-09-29 07:24:00,386432.4233333333,389307.5761942606,-2875.1528609273373,-2686.640025805246,-188.51283512209147,20220929,88,0,11669.275,1318.0688,5325.6675,400788.33874976356,394444.7308396073,390437.1322067948,400976.8515848856,394633.24367472937,390625.64504191687
377,2022-09-29 07:29:00,393427.5766666668,395084.393686912,-1656.8170202452457,837.581755909969,-2494.398776155215,20220929,89,0,8175.8394,3968.872,5300.7354,400765.8342662256,397890.7302623193,396558.8669810693,403260.2330423808,400385.1290384745,399053.2657572245
378,2022-09-29 07:34:00,409022.5266666669,400754.4865135868,8268.040153080074,3846.91342612021,4421.126726959863,20220929,90,0,11408.772,7111.1665,6072.8433,416584.38570148416,411248.4565022654,412286.7797444529,412163.2589745243,406827.3297753055,407865.653017493
379,2022-09-29 07:39:00,411011.63,406314.2735257522,4697.356474247761,5527.367887899607,-830.0114136518459,20220929,91,0,8521.8,8969.102,6523.168,414006.0619167878,412007.4300808503,414453.3636746003,414836.0733304397,412837.4414945022,415283.3750882522
380,2022-09-29 07:44:00,417514.93666666665,411760.9322296893,5754.004436977324,6164.175936443355,-410.1714994660306,20220929,92,0,8809.424,9261.697,7611.348,420160.18455834826,418962.1088747545,420612.45799584826,420570.3560578143,419372.2803742206,421022.6294953143
381,2022-09-29 07:49:00,424533.84,417092.38555567,7441.454444330011,7042.0596216588165,399.39482267119456,20220929,93,0,10035.597,9167.169,8856.3,427527.3770580287,426348.0801830287,426658.9493236537,427127.9822353575,425948.6853603575,426259.5545009825
382,2022-09-29 07:54:00,430555.48999999993,422307.2836767294,8248.206323270511,9241.341599377442,-993.1352761069302,20220929,94,0,10291.618,11527.374,10456.2705,431605.766564685,431770.418908435,432841.52242406,432598.9018407919,432763.5541845419,433834.6577001669
383,2022-09-29 07:59:00,435460.6633333333,427404.9809204311,8055.682412902184,12471.266059287163,-4415.583646384979,20220929,95,0,12466.011,13726.513,12541.789,435455.4080162336,435531.1863365461,436715.9099693586,439870.9916626186,439946.7699829311,441131.4936157436
384,2022-09-29 08:04:00,454518.13000000006,432385.5080494301,22132.62195056997,15129.659903469656,7002.9620471003145,20220929,96,0,14161.062,16393.059,14842.598,453549.5316199679,454231.0677527804,455781.5286902804,446546.5695728676,447228.1057056801,448778.5666431801
385,2022-09-29 08:09:00,453208.0633333336,437249.5400649725,15958.523268361052,15892.704565794029,65.81870256702314,20220929,97,0,16047.921,17935.047,16925.879,453363.279665977,454241.2376737895,455250.4056425395,453297.46096341,454175.4189712225,455184.5869399725
386,2022-09-29 08:14:00,454590.2166666666,441998.3598049805,12591.8568616861,15246.862165174372,-2655.0053034882712,20220929,98,0,19302.424,16428.1,18086.188,458645.7783296172,457429.5420014922,455771.4541108672,461300.7836331055,460084.5473049805,458426.4594143555
387,2022-09-29 08:19:00,461808.63,446633.8175667372,15174.81243326282,15040.904393278355,133.9080399844661,20220929,99,0,21252.227,16233.509,18807.248,468019.95216922165,465574.97365359665,463001.23439578415,467886.0441292372,465441.0656136122,462867.3263557997
388,2022-09-29 08:24:00,466908.1066666666,451158.2871303919,15749.819536274648,16593.1562320416,-843.3366957669532,20220929,100,0,21942.148,17464.455,19278.98,472257.098872125,469593.930903375,467779.40551275,473100.4355678919,470437.2675991419,468622.7422085169
389,2022-09-29 08:29:00,474103.2100000001,455574.6184901674,18528.59150983265,19484.592926229237,-956.0014163965824,20220929,101,0,21069.822,20304.74,19901.227,475688.43933939585,474519.84363627085,474923.35730814585,476644.4407557924,475475.8450526674,475879.3587245424
390,2022-09-29 08:34:00,484975.9366666665,459886.08759936126,25089.84906730521,22021.05969883237,3068.7893684728406,20220929,102,0,22013.668,22858.059,20688.96,484968.5449365841,483643.8379053341,485812.9355615841,481899.75556811126,480575.04853686126,482744.14619311126
391,2022-09-29 08:39:00,486628.6766666666,464096.343614839,22532.33305182756,22688.290308144715,-155.95725631715322,20220929,103,0,21725.562,24128.457,21178.053,485665.9488585219,485118.4390928969,488068.8433897719,485821.906114839,485274.396349214,488224.800646089
392,2022-09-29 08:44:00,487930.09666666656,468209.35396400944,19720.742702657124,21238.145671801,-1517.4029691438773,20220929,104,0,21577.666,22938.533,21770.617,488269.61701049056,488462.56818236556,489630.48419799056,489787.01997963444,489979.97115150944,491147.88716713444
393,2022-09-29 08:49:00,491661.0533333332,472229.34770607867,19431.70562725456,18608.59362674977,823.1120005047887,20220929,105,0,20624.936,20549.748,22239.768,493677.39525345847,495292.22728470847,493602.20775345847,492854.28325295367,494469.11528420367,492779.09575295367
394,2022-09-29 08:54:00,492998.7533333334,476160.7575715685,16837.995761764876,16131.946968264048,706.0487935008277,20220929,106,0,20802.01,18429.89,22758.986,497668.8161306943,499625.7926931943,495296.6969900693,496962.7673371935,498919.7438996935,494590.6481965685
395,2022-09-29 08:59:00,492672.6233333332,480008.1611892959,12664.4621440373,14771.038027780203,-2106.575883742904,20220929,107,0,23325.867,17155.168,23210.258,501227.452493053,501111.843118053,495056.753274303,503334.0283767959,503218.4190017959,497163.3291580459
396,2022-09-29 09:04:00,498437.1966666666,483776.2219153226,14660.974751344009,14582.65865826872,78.31609307528925,20220929,108,0,22950.525,16155.756,23493.322,506805.06339902285,507347.86027402285,500010.29386777285,506726.7473059476,507269.5441809476,499931.9777746976
397,2022-09-29 09:09:00,502763.3800000002,487469.6297279807,15293.750272019532,14673.64294417681,620.107327842723,20220929,109,0,22367.97,15729.321,22986.01,510457.70775894844,511075.74682144844,503819.05834488594,509837.6004311057,510455.6394936057,503198.9510170432
398,2022-09-29 09:14:00,505702.3066666668,491093.0426841835,14609.263982483302,13994.327499992713,614.9364824905897,20220929,110,0,22898.422,14329.697,21922.547,514606.4010416741,513630.5260416741,506037.6764322991,513991.4645591835,513015.5895591835,505422.7399498085
399,2022-09-29 09:19:00,508919.19000000006,494651.0293177737,14268.160682226357,12510.686149853283,1757.474532373073,20220929,111,0,21297.406,12600.581,19882.188,517705.9101001468,516290.6913501468,509009.0849048343,515948.4355677737,514533.2168177737,507251.6103724612
400,2022-09-29 09:24:00,510591.0666666668,498148.0125430595,12443.054123607348,11550.350553610086,892.7035699972621,20220929,112,0,20007.227,11139.888,17378.047,519047.94267555675,516418.76298805675,510180.60380836925,518155.2391055595,515526.0594180595,509287.900238372
401,2022-09-29 09:29:00,505519.22333333344,501588.2154020064,3931.007931327098,12553.84711188879,-8622.839180561692,20220929,113,0,18500.887,12358.886,15760.012,511466.2629401947,508725.3879401947,505324.2619636322,520089.1021207564,517348.2271207564,513947.1011441939
402,2022-09-29 09:34:00,525851.9033333332,504975.60916063737,20876.29417269584,15253.66168987597,5622.6324828198685,20220929,114,0,18974.246,14147.334,14228.433,529572.4877372072,524826.6742606447,524745.5756278322,523949.85525438737,519204.04177782487,519122.94314501237
403,2022-09-29 09:39:00,526689.2833333333,508313.8641270799,18375.419206253428,17567.102892568626,808.3163136848016,20220929,115,0,15629.87,17498.178,12519.206,524752.0505579521,521641.3864954522,526620.3581751398,523943.7342442674,520833.0701817674,525812.041861455
404,2022-09-29 09:44:00,529958.6166666665,511606.30361537886,18352.31305128761,17637.39278421119,714.9202670764171,20220929,116,0,14478.3545,17795.416,10308.25,526799.5783746429,522629.47388245526,530116.6398980804,526084.6581075664,521914.55361537886,529401.7196310039
405,2022-09-29 09:49:00,530137.8300000001,514855.8613975628,15281.968602437291,15642.248561472354,-360.27995903506053,20220929,117,0,10224.1,17284.654,8129.4336,524719.6810479027,522625.01503227773,531780.2357354027,525079.9610069378,522985.2949913128,532140.5156944378
406,2022-09-29 09:54:00,531481.2366666667,518065.0430251504,13416.193641516264,13447.18208548915,-30.98844397288667,20220929,118,0,5178.527,16234.475,6878.353,523212.58143664623,524912.4076085213,534268.5291905525,523243.5698806191,524943.3960524942,534299.5176345254
407,2022-09-29 09:59:00,529816.5333333333,521235.8913417021,8580.641991631244,12710.037171929704,-4129.395180298459,20220929,119,0,4306.58,15081.771,7329.832,521413.0762395286,524436.3281926536,532188.2676457786,525542.4714198271,528565.7233729521,536317.6628260771
408,2022-09-29 10:04:00,539546.9499999998,524369.9564214123,15176.993578587542,13333.949798497437,1843.0437800901072,20220929,120,0,6001.665,15850.14,8752.565,532214.6652405648,534965.5656311898,542063.1398499398,530371.6214604748,533122.5218510998,540220.0960698498
409,2022-09-29 10:09:00,543719.6166666668,527468.2702783877,16251.346388279111,13746.37590077881,2504.970487500301,20220929,121,0,3777.1365,15880.174,9459.5205,533750.3772404974,539432.7612737005,545853.414594013,531245.4067529971,536927.7907862002,543348.4441065127
410,2022-09-29 10:14:00,543898.6366666665,530531.3265032246,13367.310163441927,12702.53528851388,664.774874928049,20220929,122,0,18.04387,14102.466,9804.217,531214.1452490785,541000.3181750276,545298.5671984651,530549.3703741505,540335.5433000996,544633.792323537
411,2022-09-29 10:19:00,542902.5966666667,533559.0650472147,9343.53161945194,10543.024027477908,-1199.492408025968,20220929,123,0,3484.3362,12069.241,9744.757,535843.9088208294,542104.3294751262,544428.8138501262,537043.4012288554,543303.8218831522,545628.3062581522
412,2022-09-29 10:24:00,543005.2333333332,536550.862283762,6454.3710495712,8462.376058687341,-2008.005009116141,20220929,124,0,2760.9626,10632.077,9589.9795,537303.8199211302,544132.8367668333,545174.9344230833,539311.8249302463,546140.8417759495,547182.9394321995
413,2022-09-29 10:29:00,544397.0933333334,539505.5264698813,4891.566863452084,6820.992195218546,-1929.4253317664616,20220929,125,0,5443.484,9310.66,9369.598,543019.5850248336,546945.6987943648,546886.7612943648,544949.0103566,548875.1241261313,548816.1866261313
414,2022-09-29 10:34:00,552424.25,542421.2986748818,10002.951325118192,4699.226936440228,5303.724388677964,20220929,126,0,6142.697,7574.325,8763.265,553867.7198409035,556488.2877119973,555299.3482588723,548563.9954522256,551184.5633233193,549995.6238701943
415,2022-09-29 10:39:00,546115.9099999999,545295.8591933369,820.0508066629991,1274.9108470787571,-454.8600404157583,20220929,127,0,8215.434,3957.683,7906.963,553056.4327466711,552747.9620435461,548798.6822583899,553511.2927870869,553202.8220839619,549253.5422988057
416,2022-09-29 10:44:00,543551.9033333336,548126.339452095,-4574.436118761427,-2791.8438016907858,-1782.592317070641,20220929,128,0,7058.426,82.111786,6695.234,553402.1729162743,553038.981021743,546425.858920913,555184.765233345,554821.5733388137,548208.4512379837
417,2022-09-29 10:49:00,545426.4266666668,550909.3393128181,-5482.912646151381,-5699.147220795152,216.2345746437713,20220929,129,0,7376.842,-2615.7075,5642.2896,558502.4156843369,556767.8634382432,548509.8663679307,558286.1811096931,556551.6288635994,548293.6317932869
418,2022-09-29 10:54:00,548133.77,553640.9497218761,-5507.179721876048,-6027.270418116539,520.0906962404915,20220929,130,0,9004.422,-4008.1865,5223.567,563165.4622931166,559384.6073126479,550152.8538946791,562645.3715968761,558864.5166164073,549632.7631984386
419,2022-09-29 10:59:00,548458.9833333334,556316.780533324,-7857.7971999906,-3885.161327311863,-3972.6358726787375,20220929,131,0,11183.523,-1929.5703,5710.918,563527.6680981453,558055.0626293953,550414.5743481453,567500.303970824,562027.698502074,554387.210220824
420,2022-09-29 11:04:00,562383.3633333333,558931.9933443753,3451.369988958002,-889.0473603291209,4340.417349287123,20220929,132,0,14582.179,456.13104,7402.795,577854.5894045999,570675.2056155374,563728.5417361428,573514.1720553128,566334.7882662503,559388.1243868558
421,2022-09-29 11:09:00,562488.6066666667,561481.3391156087,1007.267551057972,1009.1085739935544,-1.8410229355822596,20220929,133,0,14395.271,1768.7726,8914.944,575874.7695770481,570394.4424286106,563248.270675681,575876.6105999837,570396.2834515462,563250.1116986165
422,2022-09-29 11:14:00,564609.92,563959.2003223291,650.7196776709752,965.6043648342228,-314.88468716324746,20220929,134,0,14816.078,1332.4855,9810.2295,578460.3937601658,573454.5451273533,564976.8011087986,578775.2784473291,573769.4298145166,565291.6857959619
423,2022-09-29 11:19:00,565624.0366666667,566359.6373556416,-735.6006889748387,-357.69994791294147,-377.9007410618973,20220929,135,0,13080.03,747.2887,10323.932,579061.7668880172,576305.6682552047,566729.0253108687,579439.6676290791,576683.5689962666,567106.9260519306
424,2022-09-29 11:24:00,566627.5133333334,568676.4388150692,-2048.9254817357287,-1669.549891174074,-379.3755905616547,20220929,136,0,17920.736,1926.1803,11863.008,586217.7995526325,580160.0710370075,570223.2435223591,586597.1751431942,580539.4466275692,570602.6191129207
425,2022-09-29 11:29:00,567059.3999999998,570903.1753880478,-3843.7753880480304,-2151.675174871697,-1692.1002131763337,20220929,137,0,26338.875,2698.8389,14059.524,595549.9501748715,583270.599588934,571909.914042059,597242.0503880478,584962.6998021103,573602.0142552353
426,2022-09-29 11:34:00,574593.7200000001,573033.25686348,1560.4631365201203,-1804.4945538748373,3364.957690394958,20220929,138,0,31449.621,2847.2107,16013.696,607847.8356476249,592411.9108429374,579245.4252472343,604482.87795723,589046.9531525425,575880.4675568393
427,2022-09-29 11:39:00,573032.9933333335,575059.9919241423,-2026.9985908088277,-1001.5473426717812,-1025.4512481370462,20220929,139,0,31076.12,2175.1606,17630.932,605110.6598166303,591665.4723166303,576209.7013205366,606136.1110647673,592690.9235647673,577235.1525686736
428,2022-09-29 11:44:00,574658.2200000001,576976.6502400718,-2318.430240071728,-41.31821087309508,-2277.1120291986326,20220929,140,0,30014.844,1509.0881,18739.695,604714.3819608731,593439.2335233731,576208.6263456388,606991.4939900718,595716.3455525718,578485.7383748374
429,2022-09-29 11:49:00,581836.1900000002,578776.5264276724,3059.663572327816,840.2541374539171,2219.409434873899,20220929,141,0,30290.658,2357.406,19776.492,611286.5940656712,600772.4280500462,583353.3418684056,609067.1846307974,598553.0186151724,581133.9324335317
430,2022-09-29 11:54:00,582866.7766666667,580453.0053713467,2413.77129532001,1474.589718847031,939.1815764729788,20220929,142,0,33772.137,3659.1812,21044.225,615164.3236665697,602436.4115571947,585051.3681001634,614225.1420900967,601497.2299807217,584112.1865236905
431,2022-09-29 11:59:00,581566.1266666668,581999.6284489302,-433.5017822633963,1984.469033305644,-2417.9708155690405,20220929,143,0,37075.617,5404.696,22881.742,616657.2748208612,602463.3998208612,584986.3534341424,619075.2456364302,604881.3706364302,587404.3242497115
432,2022-09-29 12:04:00,587753.9766666666,583410.160134881,4343.816531785531,2686.517945632325,1657.298586153206,20220929,144,0,41283.02,8780.241,26043.174,626350.4782522842,611110.6325491592,593847.6999319717,624693.179666131,609453.333963006,592190.4013458185
433,2022-09-29 12:09:00,586769.4833333332,584678.6544802928,2090.8288530403515,3641.461212970944,-1550.6323599305929,20220929,145,0,42202.086,7530.2217,27363.975,625330.1080578623,610491.9967297373,590658.2438000498,626880.7404177928,612042.6290896678,592208.8761599803
434,2022-09-29 12:14:00,590387.9166666667,585799.5209692282,4588.395697438507,4484.862311053775,103.5333863847327,20220929,146,0,39312.438,7296.967,26097.432,625215.491855613,612000.485996238,593200.021152488,625111.9584692282,611896.9526098532,593096.4877661032
435,2022-09-29 12:19:00,594043.6199999999,586767.5892065954,7276.030793404439,4830.525151389137,2445.5056420153023,20220929,147,0,39959.758,7535.4795,24372.662,629172.8526611107,613585.7569579857,596748.5743407982,626727.3470190954,611140.2513159704,594303.0686987829
436,2022-09-29 12:24:00,592315.9266666668,587578.171973043,4737.754693623749,4805.892651534332,-68.13795791058328,20220929,148,0,35431.43,8196.461,22942.586,622941.4637026325,610452.6199526325,595706.4949526325,623009.601660543,610520.757910543,595774.632910543
437,2022-09-29 12:29:00,588493.8133333332,588227.1261183542,266.687214979087,4922.445235273853,-4655.758020294766,20220929,149,0,34652.555,8540.434,22111.023,618223.9227855594,605682.3915355594,592111.8016918094,622879.6808058542,610338.1495558542,596767.5597121042
438,2022-09-29 12:34:00,597862.1333333334,588710.9108103814,9151.222522952012,5289.74841886016,3861.474104091852,20220929,150,0,34084.89,9532.783,21090.229,626657.2755394733,613662.6134300983,602105.1681175983,622795.8014353814,609801.1393260064,598243.6940135064
439,2022-09-29 12:39:00,593550.9166666666,589026.6426706869,4524.273995979689,5313.4372684371065,-789.1632724574174,20220929,151,0,31943.406,8738.47,19847.303,620180.8856482295,608084.7821326045,596975.949124792,620970.0489206869,608873.9454050619,597765.1123972494
440,2022-09-29 12:44:00,593772.5333333333,589172.1473430376,4600.385990295676,4353.444914256132,246.941076039544,20220929,152,0,31550.084,8287.452,18493.875,620969.1724034522,607912.9634190772,597706.5405675147,620722.2313274126,607666.0223430376,597459.5994914751
441,2022-09-29 12:49:00,591717.2133333333,589146.007048649,2571.206284684245,2410.5786702334176,160.62761445082788,20220929,153,0,25865.457,5709.7754,16639.871,615172.0916943499,605946.5057568499,595016.4100537249,615011.464079899,605785.878142399,594855.782439274
442,2022-09-29 12:54:00,589467.1866666668,588947.6037438485,519.5829228182556,101.1527446932056,418.43017812505,20220929,154,0,24161.922,4289.552,14931.863,613527.9557969735,604297.8972032235,593655.585679786,613109.5256188485,603879.4670250985,593237.155501661
443,2022-09-29 12:59:00,584768.0633333335,588577.1574750325,-3809.094141699025,-1910.445942384596,-1898.648199314429,20220929,155,0,19482.598,834.0096,13337.823,606161.106931968,600016.3325179055,587512.5188582375,608059.7551312825,601914.98071722,589411.167057552
444,2022-09-29 13:04:00,584269.2099999998,588035.759604845,-3766.549604845117,-3503.82150797134,-262.72809687377685,20220929,156,0,16147.019,-1241.8394,12966.575,603920.0500626587,600739.6067032837,586531.1921525025,604182.7781595325,601002.3348001575,586793.9202493762
445,2022-09-29 13:09:00,585042.57,587325.4005793842,-2282.83057938423,-5111.0256110310565,2828.1950316468265,20220929,157,0,19073.52,-2605.4475,12199.606,609227.115142281,602353.2020563436,587548.1481012654,606398.9201106342,599525.0070246967,584719.9530696186
446,2022-09-29 13:14:00,578607.2533333332,586448.991964107,-7841.738630773849,-7049.080092634707,-792.6585381391415,20220929,158,0,17510.943,-4756.1343,10004.1,603167.2767853428,595660.4330353428,580900.1991486241,603959.935323482,596453.091573482,581692.8576867633
447,2022-09-29 13:19:00,574939.4466666669,585410.3825110027,-10470.93584433582,-9044.248145828878,-1426.687698506943,20220929,159,0,14069.236,-6614.9956,6823.6445,598052.9311406207,590807.3393437457,577368.699207027,599479.6188391277,592234.0270422527,578795.386905534
448,2022-09-29 13:24:00,575200.2499999997,584214.3680491018,-9014.118049102137,-10600.217152248397,1586.099103146258,20220929,160,0,14851.406,-9575.132,1738.124,600651.873402248,587538.5911756855,576225.3353163105,599065.7742991018,585952.4920725393,574639.2362131643
449,2022-09-29 13:29:00,568185.6466666667,582866.6950560292,-14681.04838936252,-11669.983449575157,-3011.064939787364,20220929,161,0,4801.733,-9987.359,-2708.9246,584657.3630263981,577146.705555695,569868.2707412419,587668.4279661855,580157.7704954824,572879.3356810292
450,2022-09-29 13:34:00,571502.6833333333,581374.0577754587,-9871.37444212532,-12768.6705457709,2897.296103645578,20220929,162,0,6885.1704,-11819.694,-6281.806,591156.5242892605,577989.5477267605,572451.6595431668,588259.2281856149,575092.2516231149,569554.3634395212
451,2022-09-29 13:39:00,565154.71,579744.0888299206,-14589.378829920664,-14359.758157024782,-229.6206728958823,20220929,163,0,3525.1643,-13609.29,-9145.251,583039.6324636653,570369.2171804622,565905.1781179622,583269.2531365613,570598.8378533581,566134.7987908581
452,2022-09-29 13:44:00,562529.8000000002,577985.3432805153,-15455.54328051512,-16129.191572807113,673.6482922919913,20220929,164,0,2590.7957,-15024.195,-11686.56,581249.7872271042,566972.4320024948,563634.7962603073,580576.1389348122,566298.7837102028,562961.1479680153
453,2022-09-29 13:49:00,557527.7666666664,576107.276194376,-18579.509527709684,-16995.93009976917,-1583.5794279405127,20220929,165,0,-2413.7659,-17038.865,-14321.978,572109.9308972949,560201.719227373,557484.8315320605,573693.5103252354,561785.2986553136,559068.410960001
454,2022-09-29 13:54:00,559055.9833333336,574120.2137301615,-15064.230396827916,-16008.96667820994,944.7362813820235,20220929,166,0,-10105.048,-16374.226,-17943.525,564959.9021599811,557121.4246209186,558690.7244256061,564015.165878599,556176.6883395365,557745.988144224
455,2022-09-29 13:59:00,555030.0333333334,572035.3179033571,-17005.28457002365,-13342.622753627104,-3662.661816396547,20220929,167,0,-14545.358,-14005.799,-20689.246,553827.2976885231,547683.4099932106,554366.8572588356,557489.9595049196,551346.0718096071,558029.5190752321
456,2022-09-29 14:04:00,563376.0233333334,569864.5451543147,-6488.521820981288,-10405.347092171043,3916.825271189755,20220929,168,0,-24647.424,-13294.341,-22157.21,549133.9465973795,551624.1594880045,560487.029605192,545217.1213261897,547707.3342168147,556570.2043340022
457,2022-09-29 14:09:00,559742.1566666666,567620.5989305412,-7878.442263874575,-8778.683826975857,900.2415631012827,20220929,169,0,-21862.521,-9950.987,-22227.553,546658.3190092675,546293.2877592675,558569.853188955,545758.0774461662,545393.0461961662,557669.6116258537
458,2022-09-29 14:14:00,554212.9133333329,565316.8765318197,-11103.963198486832,-8936.85917256368,-2167.104025923152,20220929,170,0,-30275.117,-10668.554,-23521.516,532874.6553183965,539628.2568808965,552481.218794959,535041.7593443197,541795.3609068197,554648.3228208822
459,2022-09-29 14:19:00,553929.1333333335,562967.4104797634,-9038.277146429871,-10039.84916701815,1001.572020588279,20220929,171,0,-33731.066,-11729.791,-24113.736,530237.9160941017,539855.2461722267,552239.1914847267,529236.3440735134,538853.6741516384,551237.6194641384
460,2022-09-29 14:24:00,549396.0533333333,560586.8047657916,-11190.751432458288,-10794.31446912928,-396.436963329008,20220929,172,0,-38174.934,-10465.494,-23591.906,522015.4342087126,536598.4615524627,549724.8736618377,522411.87117204163,536994.8985157916,550121.3106251666
461,2022-09-29 14:29:00,546614.1700000002,558190.1662939218,-11575.996293921606,-10367.740160510042,-1208.2561334115635,20220929,173,0,-41869.227,-8543.531,-21690.46,515112.6835980102,535291.4492230102,548438.3789105102,516320.93973142176,536499.7053564218,549646.6350439218
462,2022-09-29 14:34:00,548623.53,555793.0319645912,-7169.501964591211,-8755.657740229608,1586.1557756383972,20220929,174,0,-36456.434,-7687.499,-19252.115,520922.75414647965,538127.0725058547,549691.6887167922,519336.59837084124,536540.9167302162,548105.5329411537
463,2022-09-29 14:39:00,545373.7966666666,553411.2917805773,-8037.4951139106415,-6591.056469754238,-1446.4386441564038,20220929,175,0,-27023.47,-6709.466,-17703.986,524941.3824332958,534260.8668082958,545255.3873161083,526387.8210774523,535707.3054524523,546701.8259602648
464,2022-09-29 14:44:00,548062.4066666666,551061.1084518429,-2998.701785176294,-4599.927359495442,1601.225574319148,20220929,176,0,-28419.93,-6380.316,-17619.248,524242.40433866205,535043.085979287,546282.0181081933,522641.1787643429,533441.8604049679,544680.7925338742
465,2022-09-29 14:49:00,545854.5700000001,548758.8339808622,-2904.2639808621025,-3067.7894903686683,163.52550950656587,20220929,177,0,-26411.861,-4927.3335,-17033.658,522510.49816224375,531888.7012872437,543995.025994275,522346.97265273717,531725.1757777372,543831.5004847684
466,2022-09-29 14:54:00,543908.2733333332,546520.9237266338,-2612.6503933005733,-1725.8583584876533,-886.7920348129201,20220929,178,0,-27796.844,-2337.6382,-15951.512,517837.28794182086,529682.6199730708,543296.493508227,518724.0799766338,530569.4120078838,544183.28554304
467,2022-09-29 14:59:00,543189.8133333332,544363.8484835706,-1174.0351502373817,-184.59575246638536,-989.439397770996,20220929,179,0,-27880.137,735.47205,-13346.598,515494.27236704965,530027.8114295496,544109.881131698,516483.7117648206,531017.2508273206,545099.320529469
468,2022-09-29 15:04:00,545094.8533333333,542304.0050957828,2790.848237550468,1551.3554202377734,1239.4928173126948,20220929,180,0,-24085.533,3246.4224,-10012.3125,519457.9647099705,533531.1854130955,546789.9202763768,518218.4718926578,532291.6925957828,545550.427459064
469,2022-09-29 15:09:00,543859.4466666665,540357.6261911856,3501.820475480985,3091.047581830588,410.7728936503973,20220929,181,0,-18749.832,6198.441,-6510.3027,522018.56705358595,534258.0963504609,546966.8400028046,521607.79415993555,533847.3234568106,546556.0671091543
470,2022-09-29 15:14:00,540855.3433333334,538540.6895561408,2314.65377719258,4080.555370385805,-1765.9015931932254,20220929,182,0,-18280.83,5359.019,-3808.0818,518493.95788482256,532966.7061758382,542133.8070059164,520259.8594780158,534732.6077690314,543899.7085991096
471,2022-09-29 15:19:00,543690.7833333332,536868.8277663662,6821.955566967023,4528.115004248797,2293.8405627182256,20220929,183,0,-11110.305,6251.993,-1146.8367,528052.3636415844,538015.8316591625,545414.6614931469,525758.5230788662,535721.9910964443,543120.8209304287
472,2022-09-29 15:24:00,539558.2733333335,535357.2385969834,4201.034736350179,4885.774712610184,-684.7399762600053,20220929,184,0,-9415.987,6126.383,574.88007,525256.5113160359,535247.3786866413,540798.8814332234,525941.2512922959,535932.1186629013,541483.6214094834
473,2022-09-29 15:29:00,538836.3666666667,534020.5967994953,4815.769867171417,5889.700076413995,-1073.9302092425778,20220929,185,0,-10403.052,6877.8794,2700.8164,522543.6148324402,535647.4829965027,539824.5459847839,523617.5450416828,536721.4132057453,540898.4761940265
474,2022-09-29 15:34:00,542651.4066666669,532872.9678124859,9778.438854180977,8102.183364602729,1676.255489578246,20220929,186,0,-10240.731,7795.3823,4757.176,524308.4918567516,539306.3990833141,542344.6056262829,522632.2363671734,537630.1435937359,540668.3501367046
475,2022-09-29 15:39:00,541209.1800000003,531927.7239286522,9281.456071348046,11365.01612998238,-2083.560058634333,20220929,187,0,-9767.199,10555.752,6961.7344,520076.9646512679,536805.8982450179,540399.9158231429,522160.52470990224,538889.4583036522,542483.4758817772
476,2022-09-29 15:44:00,544396.7233333333,531197.4634721604,13199.259861172875,14566.84995884446,-1367.5900976715857,20220929,188,0,-1166.7651,15026.718,9923.908,528663.10823777,539753.7815776138,544856.5911479263,530030.6983354416,541121.3716752854,546224.1812455979
477,2022-09-29 15:49:00,550857.0199999999,530693.9334970444,20163.086502955528,16145.359329245435,4017.7271737100928,20220929,189,0,3751.4077,17943.855,12854.9375,538463.0683855982,547566.5981707545,552655.5161395045,534445.3412118881,543548.8709970444,548637.7889657944
478,2022-09-29 15:54:00,546490.3866666666,530427.9564955859,16062.430171080749,15304.410345507167,758.0198255735813,20220929,190,0,10663.766,18461.348,15172.5,541849.7419461594,546358.4763211594,549647.3239774094,541091.7221205859,545600.4564955859,548889.3041518359
479,2022-09-29 15:59:00,540061.7066666667,530409.361590454,9652.34507621266,12784.55477818398,-3132.20970197132,20220929,191,0,14017.337,16919.041,16814.553,541294.4888025452,544091.7046228577,544196.1929041077,544426.6985045165,547223.914324829,547328.402606079
480,2022-09-29 16:04:00,540245.5700000001,530646.920661611,9598.649338389048,10112.072121220624,-513.4227828315743,20220929,192,0,15783.744,14337.349,19022.959,545917.2420194044,549156.4568631544,544470.8465115919,546430.664802236,549669.879645986,544984.2692944235
481,2022-09-29 16:09:00,540991.1166666666,531148.2897993452,9842.82686732139,8229.998708182891,1612.8281591384984,20220929,193,0,18641.76,11728.301,20604.217,551402.8777241086,553365.3347553586,544489.4187397336,549790.0495649702,551752.5065962202,542876.5905805952
482,2022-09-29 16:14:00,538665.4266666668,531919.9564763136,6745.4701903531095,7126.971564527126,-381.5013741740168,20220929,194,0,20233.846,9928.73,20530.709,551772.3008052646,552069.1640865146,541467.1855708896,552153.8021794386,552450.6654606886,541848.6869450636
483,2022-09-29 16:19:00,539763.0466666665,532967.1927736936,6795.853892972926,6445.016847712523,350.8370452604031,20220929,195,0,20643.748,9361.015,20008.643,553961.777865829,553326.672397079,542679.0444673914,553610.9408205686,552975.8353518186,542328.2074221311
484,2022-09-29 16:24:00,540469.2566666668,534294.0149731847,6175.241693482152,5972.32335965332,202.91833382883212,20220929,196,0,19328.744,8413.521,19182.242,553825.6774476385,553679.1754945135,542910.4547913885,553622.7591138097,553476.2571606847,542707.5364575597
485,2022-09-29 16:29:00,539739.53,535903.1497494896,3836.3802505104095,5577.166890791943,-1740.7866402815323,20220929,197,0,18164.307,8531.154,18651.908,552326.6697498331,552814.2713123331,542693.5174060831,554067.4563901146,554555.0579526146,544434.3040463646
486,2022-09-29 16:34:00,544210.5066666668,537796.0072274881,6414.499439178733,4975.3158524280325,1439.183586750701,20220929,198,0,20707.902,7506.4644,18425.41,559943.0931579887,557660.6009704887,546741.6551697075,558503.9095712381,556221.4173837381,545302.4715829568
487,2022-09-29 16:39:00,544173.7366666666,539972.6610353439,4201.075631322688,3810.064489503864,391.0111418188244,20220929,199,0,21356.422,5890.242,17477.586,561720.0940521627,557841.2581146627,546253.9143646627,561329.0829103439,557450.2469728439,545862.9032228439
488,2022-09-29 16:44:00,543682.9766666666,542431.8355281877,1251.1411384788807,1985.948447372348,-734.807308893467,20220929,200,0,25668.055,4077.7888,16196.902,567365.0829067943,557893.9305630443,545774.8170376536,568099.8902156877,558628.7378719377,546509.6243465471
489,2022-09-29 16:49:00,545570.1933333331,545170.9002135107,399.293119822396,-231.9002473658673,631.1933671882632,20220929,201,0,23827.123,2316.3855,13968.856,569629.216627574,559770.9500260114,548118.4790787458,568998.0232603857,559139.7566588232,547487.2857115576
490,2022-09-29 16:54:00,544412.7000000001,548185.8714767684,-3773.1714767683297,-2513.646376362264,-1259.525100406066,20220929,202,0,21043.582,852.913,12160.457,567969.9284076124,559086.8034076124,547779.2594012647,569229.4535080184,560346.3285080184,549038.7845016707
491,2022-09-29 16:59:00,547153.8866666667,551471.4215752021,-4317.534908535425,-4776.690701539873,459.1557930044482,20220929,203,0,17277.715,-1119.0979,11511.831,569208.2922119566,563442.4084228941,550811.479467816,568749.1364189521,562983.2526298896,550352.3236748115
492,2022-09-29 17:04:00,549476.2000000001,555020.8948222428,-5544.694822242716,-7159.22377999087,1614.5289577481535,20220929,204,0,18533.846,-3630.908,11634.085,575169.269483116,568269.5087409285,553004.5158210066,573554.7405253678,566654.9797831803,551389.9868632584
493,2022-09-29 17:09:00,546536.5933333333,558826.3309143907,-12289.737581057474,-9783.707418394668,-2506.030162662806,20220929,205,0,18593.223,-6729.9316,11058.259,574913.5234079779,567378.5595407904,549590.3691111029,577419.5535706407,569884.5897034532,552096.3992737657
494,2022-09-29 17:14:00,551610.6366666667,562878.4952162296,-11267.858549562863,-12665.619328064966,1397.760778502101,20220929,206,0,17354.781,-10248.502,8519.265,581631.0372447317,572795.5206431692,554027.7540416067,580233.2764662296,571397.7598646671,552629.9932631046
495,2022-09-29 17:19:00,551788.8533333333,567166.915850102,-15378.062516768696,-15748.821099576786,370.75858280809007,20220929,207,0,13196.208,-12894.602,4375.9956,580733.8824407225,571913.6700383788,554643.07287041,580363.1238579145,571542.9114555707,554272.314287602
496,2022-09-29 17:24:00,552614.7833333332,571679.9273141935,-19065.143980860244,-18889.36795206661,-175.7760287936362,20220929,208,0,11643.0625,-15740.649,215.941,583147.2137853998,571720.0922796625,555763.5018713373,583322.9898141935,571895.8683084561,555939.277900131
497,2022-09-29 17:29:00,552416.7366666666,576404.7204268203,-23987.98376015376,-21949.670404122164,-2038.3133560315944,20220929,209,0,6020.2437,-19315.71,-3364.8906,580386.6507231325,571001.5164457888,555050.6961332888,582424.9640791641,573039.8298018203,557089.0094893203
498,2022-09-29 17:34:00,558938.51,581327.3982257061,-22388.88822570606,-24992.54742414669,2603.659198440633,20220929,210,0,4243.077,-22515.11,-6646.139,588174.1345725842,577284.9182639904,561415.9480491467,585570.4753741436,574681.2590655498,558812.2888507061
499,2022-09-29 17:39:00,557399.98,586433.0375027852,-29033.057502785232,-28183.58225775033,-849.475245034897,20220929,211,0,4124.358,-26286.986,-9566.086,589707.9201679066,576017.4763202503,559296.5759296253,590557.3954129415,576866.9515652852,560146.0511746602
500,2022-09-29 17:44:00,559943.4233333335,591705.755612705,-31762.332279371563,-31466.88545533322,-295.44682403834304,20220929,212,0,3968.8416,-29572.178,-12306.19,595379.1503414011,579104.1183589792,561838.1310542917,595674.5971654394,579399.5651830175,562133.57787833
501,2022-09-29 17:49:00,562987.2000000001,597128.7821144438,-34141.582114443765,-34486.97529212457,345.3931776808022,20220929,213,0,3964.085,-31499.318,-14374.714,601438.2602530621,583099.4614249371,565974.8569327496,601092.8670753813,582754.0682472563,565629.4637550688
502,2022-09-29 17:54:00,567000.3766666665,602684.5348376028,-35684.15817093628,-36823.23063567268,1139.0724647363968,20220929,214,0,3371.189,-34210.484,-16308.117,607194.7962671829,587515.4901148392,569613.1229273392,606055.7238024465,586376.4176501028,568474.0504626028
503,2022-09-29 17:59:00,566825.9433333332,608354.6998642844,-41528.75653095113,-38364.47829080935,-3164.278240141779,20220929,215,0,-4168.2544,-34567.59,-18321.393,601022.1672296113,586869.0290460176,570622.8317803926,604186.4454697531,590033.3072861594,573787.1100205344
504,2022-09-29 18:04:00,575451.4666666664,614120.31500137,-38668.8483347036,-39648.8925931288,980.0442584252014,20220929,216,0,-4945.686,-34827.105,-20106.232,610154.673224639,594994.1268379203,580273.2537910453,609174.6289662138,594014.082579495,579293.20953262
505,2022-09-29 18:09:00,580034.6033333335,619961.856185219,-39927.25285188551,-41666.69980514661,1739.4469532611038,20220929,217,0,-8831.8545,-37047.363,-23337.594,612869.4486462927,598363.7093884802,584653.9398572302,611130.0016930315,596624.262435219,582914.492903969
506,2022-09-29 18:14:00,581359.6499999998,625859.3263587325,-44499.67635873274,-44965.8819801482,466.2056214154509,20220929,218,0,-17508.451,-41432.008,-28068.236,608817.0808082729,598257.2956520229,584893.5241676479,608350.8751868575,597791.0900306075,584427.3185462325
507,2022-09-29 18:19:00,581461.1033333334,631792.34618631,-50331.24285297666,-49012.96219268891,-1318.2806602877536,20220929,219,0,-23280.67,-44348.53,-33798.414,607193.3956041473,596675.6514635223,586125.5342760223,608511.676264435,597993.93212381,587443.81493631
508,2022-09-29 18:24:00,585130.9999999998,637740.246193846,-52609.24619384622,-52694.980149872696,85.7339560264736,20220929,220,0,-29778.479,-50085.652,-38039.41,608047.5016342475,599786.5699936225,587740.3278061225,607961.767678221,599700.836037596,587654.593850096
509,2022-09-29 18:29:00,585850.9333333333,643682.1597193261,-57831.22638599272,-55431.55392901969,-2399.6724569730286,20220929,221,0,-34720.36,-53395.34,-41156.08,606562.1278873531,600126.4091373531,587887.1474186031,608961.8003443261,602526.0815943261,590286.8198755761
510,2022-09-29 18:34:00,595211.0133333334,649597.1161124988,-54386.102779165376,-57626.67289334133,3240.5701141759564,20220929,222,0,-35346.004,-56839.285,-43656.98,617491.6823204247,609180.7057579247,595998.4010704247,614251.1122062488,605940.1356437488,592757.8309562488
511,2022-09-29 18:39:00,595377.4766666668,655464.1337053773,-60086.65703871055,-60003.54127289749,-83.11576581305417,20220929,223,0,-31571.203,-58128.906,-46140.703,623809.8148145643,609240.3148145643,597252.1116895643,623892.9305803773,609323.4305803773,597335.2274553773
512,2022-09-29 18:44:00,597937.5966666666,661262.3119691277,-63324.715302461176,-62692.25426176416,-632.4610406970169,20220929,224,0,-32372.414,-66041.914,-49740.652,628257.4368659307,610889.1985846807,594587.9368659307,628889.8979066277,611521.6596253777,595220.3979066277
513,2022-09-29 18:49:00,601612.3733333332,666970.9223577448,-65358.54902441159,-65160.930302286026,-197.61872212556773,20220929,225,0,-31411.764,-66847.305,-52797.19,635361.5399637442,613976.1122293692,599925.9989481192,635559.1586858698,614173.7309514948,600123.6176702448
514,2022-09-29 18:54:00,605444.8166666668,672569.4973203992,-67124.68065373239,-66953.89992251957,-170.7807312128134,20220929,226,0,-36834.773,-71348.48,-55331.31,635563.9431516863,617067.4079954363,601050.2400266863,635734.7238828992,617238.1887266492,601221.0207578992
515,2022-09-29 18:59:00,607853.1733333331,678037.9169927479,-70184.74365941482,-68330.04752067788,-1854.6961387369372,20220929,227,0,-37106.254,-69038.26,-56541.24,639076.966947761,619641.982572761,607144.963041511,640931.6630864979,621496.6787114979,608999.6591802479
516,2022-09-29 19:04:00,616680.4600000002,683356.4930894362,-66676.03308943601,-70125.6846005699,3449.651511133896,20220929,228,0,-36432.195,-67420.75,-56923.293,650373.9492880701,629882.8516318201,619385.3946005701,646924.2977769362,626433.2001206862,615935.7430894362
517,2022-09-29 19:09:00,614916.0433333332,688506.0495529822,-73590.00621964899,-72950.0040188476,-640.0022008013912,20220929,229,0,-46196.094,-68478.875,-56823.41,641669.9536021808,631042.6371959308,619387.1723521808,642309.9558029822,631682.6393967322,620027.1745529822
518,2022-09-29 19:14:00,615946.4233333333,693467.9995529208,-77521.57621958747,-76583.99232296387,-937.5838966236042,20220929,230,0,-40592.645,-69031.67,-57660.465,651937.7711250472,634869.9508125472,623498.7437812972,652875.3550216708,635807.5347091708,624436.3276779208
519,2022-09-29 19:19:00,617680.2,698224.4184001768,-80544.21840017685,-80285.49102487702,-258.7273752998299,20220929,231,0,-34961.098,-68529.85,-57763.145,663004.593368627,640202.546493627,629435.839462377,663263.3207439268,640461.2738689268,629694.5668376768
520,2022-09-29 19:24:00,619548.9766666667,702758.1120659962,-83209.13539932948,-83552.51829250976,343.38289318028546,20220929,232,0,-40199.55,-69580.984,-56926.254,662901.9441779264,646175.2410529264,633520.5105841764,662558.5612847462,645831.8581597462,633177.1276909962
521,2022-09-29 19:29:00,619467.4566666668,707052.6809215468,-87585.22425487998,-86423.98506811129,-1161.2391867686963,20220929,233,0,-40849.19,-72525.055,-57324.266,665042.2503285281,648567.1761097781,633366.3870472781,666203.4895152968,649728.4152965468,634527.6262340468
522,2022-09-29 19:34:00,625195.4100000001,711092.578455016,-85897.16845501587,-89104.94516199135,3207.7767069754773,20220929,234,0,-43469.3,-72401.63,-58824.293,670831.0543807414,655476.0621932414,641898.7223494914,667623.277673766,652268.285486266,638690.945642516
523,2022-09-29 19:39:00,620812.8566666666,714863.164670352,-94050.30800368544,-91441.49347842568,-2608.814525259761,20220929,235,0,-43323.06,-73166.06,-59722.08,668931.2915513422,652532.2720200922,639088.2876450922,671540.106076602,655141.086545352,641697.102170352
524,2022-09-29 19:44:00,625964.3766666667,718350.753994482,-92386.37732781528,-92853.70508312785,467.3277553125517,20220929,236,0,-44542.95,-71836.29,-60143.207,674275.1325310445,658674.8747185445,646981.7926872945,673807.804775732,658207.546963232,646514.464931982
525,2022-09-29 19:49:00,629603.0933333334,721542.6574304086,-91939.56409707526,-92750.85408412042,811.2899870451656,20220929,237,0,-45200.76,-70442.47,-60650.45,677153.1856987039,661703.4981987039,651911.4786674539,676341.8957116586,660892.2082116586,651100.1886804086
526,2022-09-29 19:54:00,633418.7066666667,724427.2189248357,-91008.512258169,-90990.17421946795,-18.33803870105476,20220929,238,0,-48840.594,-67123.44,-60634.562,675568.2871361346,663774.3183861346,657285.4433861346,675586.6251748357,663792.6564248357,657303.7814248357
527,2022-09-29 19:59:00,635057.1766666668,726993.845775462,-91936.66910879523,-88210.92829855281,-3725.7408102424233,20220929,239,0,-46680.41,-66251.85,-59950.496,676587.6948089695,663317.6088714695,657016.2534027195,680313.435619212,667043.349681712,660741.994212962
528,2022-09-29 20:04:00,646456.1433333332,729233.0330416752,-82776.88970834203,-85843.58064792983,3066.690939587803,20220929,240,0,-44915.957,-65650.21,-58324.51,687383.766950013,673975.212262513,666649.513043763,684317.0760104252,670908.5213229252,663582.8221041752
529,2022-09-29 20:09:00,648363.463333333,731136.3819490073,-82772.91861567425,-85267.34745962956,2494.4288439553056,20220929,241,0,-50538.547,-63765.234,-57684.7,683092.2639179626,675946.1115742126,669865.5764179626,680597.8350740073,673451.6827302573,667371.1475740073
530,2022-09-29 20:14:00,643974.993333333,732696.6123089608,-88721.6189756277,-86573.83353229231,-2147.785443335393,20220929,242,0,-47554.652,-62395.047,-55959.613,682994.1745218753,674589.2135843753,668153.7799906253,685141.9599652108,676736.9990277108,670301.5654339608
531,2022-09-29 20:19:00,644693.7666666668,733907.5690024577,-89213.80233579082,-88438.19036110165,-775.6119746891782,20220929,243,0,-44581.383,-63269.906,-54579.363,688550.5742152685,678552.5937465185,669862.0507777685,689326.1861899577,679328.2057212077,670637.6627524577
532,2022-09-29 20:24:00,645478.6166666667,734764.2226514232,-89285.60598475649,-89349.90395147025,64.29796671375516,20220929,244,0,-44550.54,-63840.28,-54249.363,690277.981555637,680579.157336887,670988.239368137,690213.6835889232,680514.8593701732,670923.9414014232
533,2022-09-29 20:29:00,646187.6866666668,735262.6646039257,-89074.9779372589,-88753.40345946868,-321.5744777902146,20220929,245,0,-45986.316,-60053.16,-53209.402,688954.7737198854,681731.6877823854,674887.9299698854,689276.3481976757,682053.2622601757,675209.5044476757
534,2022-09-29 20:34:00,649443.7466666667,735400.0964027549,-85956.34973608819,-87095.26927800948,1138.919541921292,20220929,246,0,-45685.332,-59024.027,-52224.453,690853.6839134262,684314.5628196762,677514.9886009262,689714.7643715049,683175.6432777549,676376.0690590049
535,2022-09-29 20:39:00,649401.32,735174.8139685618,-85773.49396856187,-85154.80047445504,-618.6934941068321,20220929,247,0,-43050.492,-55465.41,-50647.17,691505.628286955,683908.948599455,679090.710318205,692124.3217810618,684527.6420935618,679709.4038123118
536,2022-09-29 20:44:00,651575.9666666666,734586.1867085604,-83010.22004189389,-83431.02518991561,420.8051480217255,20220929,248,0,-40407.113,-52543.715,-49652.965,694599.8785753322,685354.0270128322,682463.2770128322,694179.0734273104,684933.2218648104,682042.4718648104
537,2022-09-29 20:49:00,651824.6699999999,733634.6318493669,-81809.96184936701,-81934.67746788844,124.71561852142622,20220929,249,0,-37477.34,-55778.793,-49441.152,696282.0076241384,684318.1951241384,677980.5544991384,696157.2920056169,684193.4795056169,677855.8388806169
538,2022-09-29 20:54:00,652282.3566666667,732321.5842755493,-80039.22760888259,-80358.86991951708,319.64231063448824,20220929,250,0,-37680.03,-53764.805,-48100.637,694961.1953361838,684540.5898674338,678876.4218986838,694641.5530255493,684220.9475567993,678556.7795880493
539,2022-09-29 20:59:00,649622.3733333333,730649.4621969212,-81027.08886358794,-78505.87827306062,-2521.21059052732,20220929,251,0,-36408.164,-55234.957,-46961.926,691720.087543894,681166.325825144,672893.294575144,694241.2981344212,683687.5364156712,675414.5051656712
540,2022-09-29 21:04:00,653817.6300000001,728621.6290093979,-74803.99900939781,-76629.71231560729,1825.71330620948,20220929,252,0,-32642.996,-53414.957,-45264.965,697804.3462218575,685182.3774718575,677032.3852843575,695978.6329156479,683356.6641656479,675206.6719781479
541,2022-09-29 21:09:00,651860.9400000001,726242.3516887935,-74381.41168879345,-75190.34506593717,808.9333771437232,20220929,253,0,-34971.105,-52408.656,-43454.53,692080.1795971872,683596.7538159372,674642.6288159372,691271.2462200435,682787.8204387935,673833.6954387935
542,2022-09-29 21:14:00,650203.6066666666,723516.7560957499,-73313.14942908334,-74187.69633517037,874.5469060870382,20220929,254,0,-33447.254,-51985.81,-41786.445,690944.049095587,682604.857689337,672405.494408087,690069.5021894999,681730.3107832499,671530.9475019999
543,2022-09-29 21:19:00,643690.9333333333,720450.779635332,-76759.8463019986,-73028.52893463454,-3731.317367364056,20220929,255,0,-32710.996,-50570.516,-39912.637,684008.4661742179,676806.8255492179,666148.9466429679,687739.783541582,680538.142916582,669880.264010332
544,2022-09-29 21:24:00,647864.6799999999,717051.1216038403,-69186.44160384033,-71189.2659825978,2002.824378757476,20220929,256,0,-31976.775,-51678.37,-39237.46,687077.1705919728,679816.4850450978,667375.5748888478,685074.3462132153,677813.6606663403,665372.7505100903
545,2022-09-29 21:29:00,644886.2233333334,713325.1916727881,-68438.96833945473,-68669.00181328073,230.03347382599893,20220929,257,0,-29986.47,-50093.812,-38319.79,683568.7544434891,675235.4360841141,663461.4126466141,683338.7209696631,675005.4026102881,663231.3791727881
546,2022-09-29 21:34:00,645694.93,709281.0569370207,-63586.12693702069,-65652.13297380136,2066.0060367806727,20220929,258,0,-27201.11,-49394.004,-36543.11,684145.9535988014,674803.9535988014,661953.0590675514,682079.9475620207,672737.9475620207,659887.0530307707
547,2022-09-29 21:39:00,637839.4299999999,704927.3878999694,-67087.95789996942,-62212.23966448863,-4875.718235480788,20220929,259,0,-25905.213,-51062.9,-35763.16,674146.4567738635,664288.5095082385,648988.7712269885,679022.1750093444,669164.2277437194,653864.4894624694
548,2022-09-29 21:44:00,643611.9833333333,700273.4038390126,-56661.42050567933,-58639.81355120063,1978.3930455212976,20220929,260,0,-26313.951,-47253.77,-35150.41,675937.845712659,667101.386728284,654998.027353284,673959.4526671376,665122.9936827626,653019.6343077626
549,2022-09-29 21:49:00,642354.3933333334,695328.817947662,-52974.42461432854,-55561.770095043226,2587.3454807146845,20220929,261,0,-26068.336,-47495.848,-34444.66,671847.8274908767,663471.5032721267,650420.3157721267,669260.482010162,660884.157791412,647832.970291412
550,2022-09-29 21:54:00,635560.8266666667,690103.7826347149,-54542.95596804819,-53352.373364587154,-1190.5826034610363,20220929,262,0,-26551.467,-40524.68,-33082.918,662361.7332343789,655830.2820625039,648388.5203437539,663552.3158378399,657020.8646659649,649579.1029472149
551,2022-09-29 21:59:00,629565.2033333334,684608.8353930688,-55043.63205973548,-51822.05978850901,-3221.5722712264687,20220929,263,0,-25584.494,-41986.906,-31297.0,655802.7689812174,650090.2631218424,639400.3568718424,659024.3412524438,653311.8353930688,642621.9291430688
552,2022-09-29 22:04:00,631877.6866666669,678854.8455847314,-46977.15891806455,-50674.54776330548,3697.38884524093,20220929,264,0,-22477.94,-40798.176,-28434.662,660074.2949768474,654117.5723205974,641754.0586487224,656376.9061316064,650420.1834753564,638056.6698034814
553,2022-09-29 22:09:00,622356.0366666666,672852.9625070232,-50496.92584035662,-49783.98343804008,-712.9424023165411,20220929,265,0,-22416.012,-41014.055,-26163.514,649724.0083859568,645976.5064328318,631125.9654172068,650436.9507882732,646689.4488351482,631838.9078195232
554,2022-09-29 22:14:00,617089.7533333333,666614.5650496192,-49524.81171628588,-48946.807056816026,-578.0046594698579,20220929,266,0,-17601.918,-40285.79,-24459.943,648434.6424213994,641576.6170307744,625750.7713276494,649012.6470808692,642154.6216902442,626328.7759871192
555,2022-09-29 22:19:00,611891.0066666667,660151.2132781604,-48260.20661149372,-47875.13050873216,-385.076102761559,20220929,267,0,-14656.765,-39278.83,-23413.135,645109.3725269614,636353.0024097739,620487.3090503989,645494.4486297229,636738.0785125354,620872.3851531604
556,2022-09-29 22:24:00,607304.6933333332,653474.602217749,-46169.90888441575,-46564.02441192608,394.1155275103301,20220929,268,0,-13908.743,-39181.39,-23264.357,639959.9745811968,630604.3603233843,614687.3271202593,639565.8590536865,630210.244795874,614293.211592749
557,2022-09-29 22:29:00,601053.2366666668,646596.5180763209,-45543.28140965407,-45405.44392791248,-137.83748174158973,20220929,269,0,-10383.259,-37494.453,-23134.225,636075.4218055168,623324.4559852043,608964.2274695793,636213.2592872584,623462.2934669459,609102.0649513209
558,2022-09-29 22:34:00,595112.4566666668,639528.7971878537,-44416.34052118694,-44879.79552057535,463.45499938841385,20220929,270,0,-11352.186,-38142.633,-23260.5,628640.0666403671,616731.7521872421,601849.6193747421,628176.6116409787,616268.2971878537,601386.1643753537
559,2022-09-29 22:39:00,587055.66,632283.2878268695,-45227.62782686949,-45195.89765008888,-31.73017678060569,20220929,271,0,-8946.82,-37570.242,-22800.467,623304.7373375889,609451.0908532139,594681.3154625889,623336.4675143695,609482.8210299945,594713.0456393695
560,2022-09-29 22:44:00,578414.8266666668,624871.8150443907,-46456.98837772396,-46181.01527533982,-275.97310238413775,20220929,272,0,-10974.761,-36858.17,-22847.525,613621.0811998191,601748.3165513816,587737.6700670066,613897.0543022032,602024.2896537657,588013.6431693907
561,2022-09-29 22:49:00,570023.0366666665,617306.1487944113,-47283.112127744826,-47437.70765583199,154.59552808716398,20220929,273,0,-16029.914,-37793.13,-22950.875,601430.8302599984,594509.8693224984,579667.6154162484,601276.2347319113,594355.2737944113,579513.0198881613
562,2022-09-29 22:54:00,561332.2233333333,609597.975274714,-48265.75194138067,-48612.49203579257,346.7400944118999,20220929,274,0,-14202.698,-36954.37,-21423.252,595742.0171269383,588521.4634160008,572990.3442753758,595395.2770325264,588174.723321589,572643.604180964
563,2022-09-29 22:59:00,550360.7033333334,601758.8716896623,-51398.16835632897,-49638.09156962157,-1760.0767867073955,20220929,275,0,-10909.513,-35680.695,-19235.633,589089.2822076424,580763.162090455,564318.099590455,590849.3589943498,582523.2388771623,566078.1763771623
564,2022-09-29 23:04:00,544570.7833333333,593800.2844163689,-49229.5010830356,-50806.92212522308,1577.421042187474,20220929,276,0,-11037.776,-35071.707,-16893.227,584339.9290913689,578484.4788960564,560305.9984273064,582762.5080491814,576907.0578538689,558728.5773851189
565,2022-09-29 23:09:00,533572.1633333333,585733.5106305588,-52161.3472972255,-52510.45494353196,349.1076463064601,20220929,277,0,-2073.9128,-34583.363,-14236.277,584008.7054350685,571846.3409331153,551499.2549956153,583659.597788762,571497.2332868088,551150.1473493088
566,2022-09-29 23:14:00,522187.6533333335,577569.6833038023,-55382.02997046878,-54824.87455136336,-557.1554191054165,20220929,278,0,-413.47195,-35502.56,-14839.914,576599.0559303511,562172.6138221968,541509.9692909468,577156.2113494566,562729.7692413023,542067.1247100523
567,2022-09-29 23:19:00,511646.82666666666,569319.7595784215,-57672.93291175482,-57431.34402349947,-241.5888882553481,20220929,279,0,-946.66943,-36542.367,-15674.705,568131.5012565724,553403.4656120412,532535.8035026662,568373.0901448277,553645.0545002965,532777.3923909215
568,2022-09-29 23:24:00,501320.0833333333,560994.5123921221,-59674.42905878875,-59939.52887950637,265.09982071761624,20220929,280,0,-2841.7612,-33421.26,-16146.904,558417.8509823709,545112.7079159647,527838.3504940897,558152.7511616533,544847.6080952471,527573.2506733721
569,2022-09-29 23:29:00,490120.86,552604.525270857,-62483.66527085705,-62191.58933013058,-292.07594072647044,20220929,281,0,-5360.083,-33305.08,-17143.443,546952.3663223181,535169.0059707556,519007.3712051306,547244.4422630445,535461.081911482,519299.44714585703
570,2022-09-29 23:34:00,479830.7699999999,544160.1901406429,-64329.42014064302,-64294.77836668787,-34.64177395515435,20220929,282,0,-7235.5225,-29704.424,-16973.572,536890.0259057502,527151.9761010627,514421.1245385628,536924.6676797054,527186.6178750179,514455.7663125179
571,2022-09-29 23:39:00,469565.4233333333,535671.7079824785,-66106.28464914527,-66448.00537617785,341.7207270325889,20220929,283,0,-6871.3755,-25901.836,-16664.059,529142.0532212299,519349.3701157611,510111.5927720111,528800.3324941973,519007.64938872855,509769.87204497855
572,2022-09-29 23:44:00,458861.1333333333,527149.0921279112,-68287.95879457786,-68696.83931264032,408.8805180624622,20220929,284,0,-9293.093,-24455.707,-16091.374,518264.8798725361,511466.5986225361,503102.2656147236,517855.99935447366,511057.71810447366,502693.38509666116
573,2022-09-29 23:49:00,447514.8166666667,518602.1740115021,-71087.35734483541,-70821.40740634191,-265.9499384935043,20220929,285,0,-8699.638,-21766.434,-15421.175,509636.58637769613,502915.04926832113,496569.79047925863,509902.5363161896,503180.9992068146,496835.7404177521
574,2022-09-29 23:54:00,436723.1533333332,510040.6111255887,-73317.45779225545,-72542.43911636145,-775.0186758939963,20220929,286,0,-13319.601,-17995.596,-15657.598,495945.9918637572,493607.9947934447,491269.9967465697,496721.0105396512,494383.0134693387,492045.0154224637
575,2022-09-29 23:59:00,427592.7099999999,501473.8969190953,-73881.1869190954,-73881.5507260057,0.3638069103035377,20220929,287,0,-13193.08,-13193.08,-13193.08,488281.1806478806,488281.1806478806,488281.1806478806,488280.8168409703,488280.8168409703,488280.8168409703
