Unnamed: 0,ds,y,yhat,y_res,y_res_smooth,y_res_stat,day,unit,level_1,y_first,y_last,y_mean
288,2022-10-14 00:04:00,403508.8708333334,400539.88627387583,2968.9845594575745,1076.4502702993032,1892.5342891582716,20221014,0,0,394030.78,394030.78,394030.78
289,2022-10-14 00:09:00,395465.4933333334,391668.9348159888,3796.558517344587,1694.4253225292105,2102.133194815377,20221014,1,0,392412.06,396969.94,394691.0
290,2022-10-14 00:14:00,383419.8533333332,382806.0142644137,613.8390689195367,-179.7483997541941,793.5874686737308,20221014,2,0,385253.94,389639.03,388171.78
291,2022-10-14 00:19:00,368255.3533333333,373959.2919410239,-5703.938607690623,-3777.391331287932,-1926.5472764026908,20221014,3,0,372489.94,373007.4,374728.94
292,2022-10-14 00:24:00,357117.34333333344,365136.8969924611,-8019.553659127676,-7311.259321483098,-708.2943376445783,20221014,4,0,363191.72,359624.44,364268.4
293,2022-10-14 00:29:00,346253.08333333343,356346.9391847128,-10093.85585137934,-9594.84994607964,-499.0059052997003,20221014,5,0,352782.06,348150.34,352627.16
294,2022-10-14 00:34:00,338064.28666666674,347597.5275485996,-9533.24088193284,-10753.563334205144,1220.322452272303,20221014,6,0,342920.12,338229.16,341888.9
295,2022-10-14 00:39:00,327497.78666666674,338896.78848717944,-11399.001820512698,-11596.37335762537,197.37153711267277,20221014,7,0,331583.5,326613.88,330039.38
296,2022-10-14 00:44:00,317889.2699999999,330252.8831121309,-12363.613112131015,-12554.526602849342,190.9134907183252,20221014,8,0,322257.16,318221.62,319841.84
297,2022-10-14 00:49:00,309028.3,321674.02350383974,-12645.723503839748,-13190.457458775796,544.7339549360477,20221014,9,0,312158.75,306078.66,308901.16
298,2022-10-14 00:54:00,299944.0133333335,313168.4875920555,-13224.47425872204,-12597.636773297452,-626.8374854245867,20221014,10,0,303621.53,298239.12,300019.28
299,2022-10-14 00:59:00,291300.69999999995,304744.63244222966,-13443.932442229709,-10353.0452852345,-3090.887156995208,20221014,11,0,292751.97,286031.56,288546.62
300,2022-10-14 01:04:00,292668.80666666664,296410.9056539414,-3742.098987274745,-7159.746901656415,3417.6479143816696,20221014,12,0,288640.75,279842.06,279945.47
301,2022-10-14 01:09:00,283450.64666666667,288175.8546777746,-4725.208011107927,-4408.075290297246,-317.13272081068044,20221014,13,0,279994.16,277433.88,272739.0
302,2022-10-14 01:14:00,277161.2766666668,280048.13379712496,-2886.857130458171,-3061.8549924106906,174.99786195251954,20221014,14,0,266736.94,271411.5,264131.97
303,2022-10-14 01:19:00,268463.33,272036.5086367768,-3573.1786367768077,-3084.5379292212274,-488.6407075555799,20221014,15,0,252260.97,263829.72,255504.69
304,2022-10-14 01:24:00,260296.65000000005,264149.8580160439,-3853.208016043849,-3805.922964082984,-47.28505196086553,20221014,16,0,246252.0,259129.73,251270.19
305,2022-10-14 01:29:00,251277.9266666667,256397.1729844555,-5119.246317788813,-4585.5783484053645,-533.6679693834485,20221014,17,0,238247.39,250811.84,244041.8
306,2022-10-14 01:34:00,244248.0266666666,248787.55301002695,-4539.526343360369,-5145.204921278621,605.6785779182528,20221014,18,0,232126.81,245030.38,238334.67
307,2022-10-14 01:39:00,235990.88000000003,241330.19914396256,-5339.319143962552,-5464.3944971858855,125.07535322333388,20221014,19,0,225649.75,236184.2,231485.19
308,2022-10-14 01:44:00,228282.94,234034.40412964756,-5751.464129647531,-5507.967998396675,-243.4961312508558,20221014,20,0,219039.75,228509.08,226466.14
309,2022-10-14 01:49:00,222327.4933333333,226909.53955173213,-4582.046218398842,-5111.875967287295,529.8297488884527,20221014,21,0,215398.03,223324.48,222978.0
310,2022-10-14 01:54:00,215322.32333333333,219965.03984256712,-4642.716509233782,-4141.803384775612,-500.9131244581695,20221014,22,0,210070.95,217304.38,218462.38
311,2022-10-14 01:59:00,208806.4033333333,213210.38330733887,-4403.979974005575,-2778.5580723245776,-1625.4219016809975,20221014,23,0,207181.64,209729.56,212457.39
312,2022-10-14 02:04:00,207380.1533333333,206655.07024298524,725.0830903480819,-1555.8666944687982,2280.9497848168803,20221014,24,0,210353.62,208594.62,210690.62
313,2022-10-14 02:09:00,199975.59666666668,200308.598166797,-333.0015001303109,-896.7408288326112,563.7393287023003,20221014,25,0,208790.47,204843.78,206435.27
314,2022-10-14 02:14:00,192243.5400000001,194180.4343490089,-1936.894349008828,-619.9576089632973,-1316.9367400455303,20221014,26,0,203623.73,196634.98,199291.14
315,2022-10-14 02:19:00,187677.04000000004,188279.98577966908,-602.9457796690403,-145.00506912654453,-457.9407105424958,20221014,27,0,196806.34,189533.9,192230.36
316,2022-10-14 02:24:00,183567.87999999995,182616.56673145347,951.3132685464808,826.732733764798,124.58053478168269,20221014,28,0,192314.77,186219.11,188165.23
317,2022-10-14 02:29:00,180089.35666666663,177199.3641757641,2889.992490902543,2041.744198988221,848.248291914322,20221014,29,0,187552.72,182065.19,183112.3
318,2022-10-14 02:34:00,174467.00333333324,172037.40121376005,2429.602119573188,3050.537057870859,-620.9349382976707,20221014,30,0,183740.61,180276.19,179763.27
319,2022-10-14 02:39:00,171133.92333333334,167139.4988411841,3994.424492149235,3651.732445135154,342.69204701408125,20221014,31,0,176788.38,174984.47,174387.2
320,2022-10-14 02:44:00,166970.07333333336,162514.23625464036,4455.837078693003,4042.662848214556,413.17423047844704,20221014,32,0,171295.17,169360.73,169045.66
321,2022-10-14 02:49:00,162414.81666666665,158169.91003582085,4244.906630845799,4681.934257597391,-437.0276267515919,20221014,33,0,165744.97,166309.1,165361.1
322,2022-10-14 02:54:00,159749.37,154114.4925046775,5634.877495322493,5928.441239212917,-293.5637438904241,20221014,34,0,160680.9,164484.34,162140.31
323,2022-10-14 02:59:00,156725.13999999996,150355.58953108994,6369.55046891002,7645.809869341039,-1276.2594004310197,20221014,35,0,159362.53,161890.6,159767.97
324,2022-10-14 03:04:00,158483.91333333327,146900.39820002182,11583.515133311448,9206.535278415138,2376.97985489631,20221014,36,0,161084.97,161100.72,160338.83
325,2022-10-14 03:09:00,153507.7233333333,143755.6645911137,9752.058742219611,10043.46627862837,-291.40753640875846,20221014,37,0,156298.97,158053.72,157518.14
326,2022-10-14 03:14:00,150510.40333333338,140927.64204161154,9582.761291721836,10157.05582968743,-574.2945379655939,20221014,38,0,150262.16,153145.5,152685.23
327,2022-10-14 03:19:00,147828.1333333333,138422.05029000196,9406.08304333134,9962.461994327576,-556.3789509962371,20221014,39,0,147274.9,150219.06,149062.64
328,2022-10-14 03:24:00,146428.3666666666,136244.035739112,10184.330927554603,9753.171308940771,431.159618613834,20221014,40,0,147334.03,148041.28,147880.61
329,2022-10-14 03:29:00,144008.54666666672,134398.13327081053,9610.413395856189,9479.403669130928,131.0097267252586,20221014,41,0,146183.0,146702.47,146379.89
330,2022-10-14 03:34:00,142002.31666666662,132888.2298917339,9114.086774932715,8960.072609643823,154.0141652888924,20221014,42,0,145128.5,146471.34,145900.39
331,2022-10-14 03:39:00,139532.17666666667,131717.53057445894,7814.646092207724,8127.458478771882,-312.81238656415826,20221014,43,0,142020.66,142399.22,142902.55
332,2022-10-14 03:44:00,138029.34999999998,130888.52656737668,7140.823432623292,7061.216207005786,79.60722561750663,20221014,44,0,139587.28,138558.81,140037.77
333,2022-10-14 03:49:00,136867.33333333337,130402.9665023692,6464.366830964165,5895.327334229746,569.0394967344191,20221014,45,0,138532.5,135783.16,137779.06
334,2022-10-14 03:54:00,134244.81000000003,130261.83056994068,3982.979430059349,4681.303749038811,-698.3243189794612,20221014,46,0,137037.62,135259.16,135823.7
335,2022-10-14 03:59:00,132128.82666666666,130465.3080295765,1663.5186370901647,3223.9749981130794,-1560.4563610229147,20221014,47,0,134499.22,133949.84,134348.72
336,2022-10-14 04:04:00,135162.77000000008,131012.7782896203,4149.991710379778,1138.5390060221794,3011.4527043575986,20221014,48,0,135796.0,134288.25,135653.64
337,2022-10-14 04:09:00,129942.50000000004,131902.79578663543,-1960.295786635383,-1689.6140998819835,-270.68168675339894,20221014,49,0,133830.1,131743.19,133176.12
338,2022-10-14 04:14:00,126740.69,133133.0788425079,-6392.388842507906,-4783.933624871782,-1608.455217636124,20221014,50,0,129452.03,126476.09,128087.48
339,2022-10-14 04:19:00,127340.53000000004,134700.50267821463,-7359.972678214588,-7482.1289003882675,122.15622217367944,20221014,51,0,125446.625,124395.34,124710.76
340,2022-10-14 04:24:00,127595.27666666664,136601.09670349484,-9005.820036828198,-9596.93500275621,591.1149659280127,20221014,52,0,125800.75,124721.0,124439.81
341,2022-10-14 04:29:00,126529.27333333336,138830.04620980885,-12300.772876475488,-11516.65035400283,-784.1225224726568,20221014,53,0,125550.625,126978.19,124926.836
342,2022-10-14 04:34:00,128891.88333333327,141381.6985173293,-12489.81518399602,-13754.963063273966,1265.1478792779471,20221014,54,0,127139.72,129532.72,127496.52
343,2022-10-14 04:39:00,127379.86666666664,144249.57363279554,-16869.7069661289,-16469.752245146195,-399.9547209827033,20221014,55,0,126669.75,128112.53,127862.6
344,2022-10-14 04:44:00,128372.60666666666,147426.37944228668,-19053.77277562002,-19320.90328334143,267.13050772141287,20221014,56,0,126521.5,126843.16,127248.02
345,2022-10-14 04:49:00,128159.44666666668,150904.0313557065,-22744.584689039824,-21766.46795610308,-978.1167329367454,20221014,57,0,127686.19,127390.25,128148.23
346,2022-10-14 04:54:00,131892.52999999997,154673.6764277852,-22781.14642778522,-23573.456828979644,792.3104011944233,20221014,58,0,127906.47,126924.25,128787.06
347,2022-10-14 04:59:00,131600.00333333336,158725.7218015468,-27125.71846821345,-25114.596212431126,-2011.122255782328,20221014,59,0,130365.125,130035.16,131151.39
348,2022-10-14 05:04:00,138534.11666666676,163049.867390443,-24515.750723776237,-27137.28894210268,2621.5382183264483,20221014,60,0,136422.0,135244.12,137080.53
349,2022-10-14 05:09:00,137589.6333333333,167635.14260252396,-30045.50926919066,-30087.45003287958,41.94076368891911,20221014,61,0,138809.38,137131.16,139433.42
350,2022-10-14 05:14:00,138021.1533333334,172469.94697054598,-34448.79363721257,-33611.0310854472,-837.7625517653723,20221014,62,0,139828.19,135997.9,138510.95
351,2022-10-14 05:19:00,140160.4133333334,177542.09443229288,-37381.681098959496,-36836.932229107006,-544.7488698524903,20221014,63,0,140214.44,136707.47,138145.7
352,2022-10-14 05:24:00,144138.58000000002,182838.86102835007,-38700.28102835006,-39160.38202443191,460.1009960818483,20221014,64,0,143823.4,140754.03,141406.17
353,2022-10-14 05:29:00,146537.34999999995,188347.0357823891,-41809.68578238916,-40695.4701346307,-1114.215647758465,20221014,65,0,146090.47,143884.16,144110.56
354,2022-10-14 05:34:00,153904.79000000004,194052.9743588279,-40148.18435882783,-42043.352451516046,1895.1680926882184,20221014,66,0,150704.66,151583.53,150358.4
355,2022-10-14 05:39:00,155536.12000000002,199942.65534166023,-44406.5353416602,-43689.60418479974,-716.9311568604608,20221014,67,0,157434.12,157360.47,156851.3
356,2022-10-14 05:44:00,160256.1933333333,206001.73863255928,-45745.54529922598,-45566.68480971489,-178.86048951109117,20221014,68,0,160311.62,158017.94,159101.25
357,2022-10-14 05:49:00,165850.0933333333,212215.625726937,-46365.5323936037,-47071.39242137222,705.8600277685182,20221014,69,0,162431.16,162182.56,161682.14
358,2022-10-14 05:54:00,171570.68666666668,218569.5214259597,-46998.83475929304,-47447.681224362925,448.8464650698879,20221014,70,0,167912.16,168925.3,167122.83
359,2022-10-14 05:59:00,174860.41333333327,225048.49664680453,-50188.08331347126,-46369.01712548003,-3819.0661879912295,20221014,71,0,172592.12,175494.67,173237.67
360,2022-10-14 06:04:00,190515.41666666663,231637.55186283024,-41122.13519616361,-44376.301493463,3254.166297299387,20221014,72,0,183506.67,188267.55,185517.83
361,2022-10-14 06:09:00,195373.31,238321.68084973237,-42948.37084973234,-42561.224328624485,-387.1465211078539,20221014,73,0,194738.31,199668.72,197406.69
362,2022-10-14 06:14:00,204318.85000000003,245085.93431424545,-40767.08431424541,-41571.91825341544,804.8339391700283,20221014,74,0,204389.94,207735.17,206418.31
363,2022-10-14 06:19:00,210541.62,251915.48289175885,-41373.86289175885,-40982.56740198784,-391.2954897710079,20221014,75,0,210667.69,212698.2,212200.33
364,2022-10-14 06:24:00,219634.64666666675,258795.6792732999,-39161.03260663315,-39733.42912616147,572.3965195283236,20221014,76,0,219320.1,222042.36,221200.7
365,2022-10-14 06:29:00,223824.23666666675,265712.11892377434,-41887.88225710759,-37272.52234667812,-4615.35991042947,20221014,77,0,228893.28,229649.67,229871.67
366,2022-10-14 06:34:00,242104.70666666672,272650.69907933293,-30545.992412666208,-34321.27737695268,3775.284964286475,20221014,78,0,240190.16,241720.1,242458.77
367,2022-10-14 06:39:00,247669.09999999995,279597.6755488584,-31928.57554885841,-32299.927150099524,371.3516012411128,20221014,79,0,252709.62,254581.03,254921.42
368,2022-10-14 06:44:00,254784.64333333337,286539.7170628614,-31755.073729528056,-31775.62996030694,20.55623077888231,20221014,80,0,265283.3,261277.72,265017.84
369,2022-10-14 06:49:00,262660.9666666667,293463.9567236806,-30802.99005701393,-31492.115196795294,689.1251397813649,20221014,81,0,273093.75,264311.25,270739.94
370,2022-10-14 06:54:00,272688.2799999999,300358.04025432863,-27669.76025432872,-28980.452411232305,1310.692156903584,20221014,82,0,281550.25,274043.56,279141.62
371,2022-10-14 06:59:00,277793.1533333332,307210.170782016,-29417.017448682804,-22476.41967299796,-6940.597775684844,20221014,83,0,288025.38,280378.94,285670.84
372,2022-10-14 07:04:00,302441.1000000001,314009.1497134096,-11568.049713409506,-12814.058799046685,1246.009085637179,20221014,84,0,302165.12,298556.38,301526.28
373,2022-10-14 07:09:00,322386.09666666656,320744.4136771578,1641.6829895087867,-3295.130994251608,4936.813983760394,20221014,85,0,320404.88,317423.66,318659.47
374,2022-10-14 07:14:00,330587.2933333333,327406.06705887767,3181.2262744556065,2900.867782764715,280.3584916908917,20221014,86,0,337687.16,333668.94,333019.16
375,2022-10-14 07:19:00,337717.44333333324,333984.9101017578,3732.5332315754495,5171.126236761078,-1438.5930051856285,20221014,87,0,344028.22,336939.5,338078.4
376,2022-10-14 07:24:00,344795.99333333323,340472.4623029375,4323.5310303957085,5288.285819000848,-964.7547886051398,20221014,88,0,349214.75,345711.72,344731.84
377,2022-10-14 07:29:00,350710.69000000006,346860.9810318442,3849.7089681558423,5296.212168962594,-1446.503200806751,20221014,89,0,354670.38,354705.06,351782.34
378,2022-10-14 07:34:00,361007.89333333337,353143.47518032184,7864.418153011531,5959.277293631735,1905.140859379796,20221014,90,0,365327.8,365205.9,363634.97
379,2022-10-14 07:39:00,365424.5066666667,359313.7138846201,6110.792782046599,6889.4331981979385,-778.6404161513392,20221014,91,0,368858.0,368744.1,369394.75
380,2022-10-14 07:44:00,374934.3,365366.230243665,9568.069756334997,7632.998237954953,1935.071518380044,20221014,92,0,371041.62,372406.53,373603.88
381,2022-10-14 07:49:00,379150.7299999998,371296.3199535616,7854.410046438221,8441.830513164829,-587.4204667266076,20221014,93,0,375134.47,379928.3,378227.38
382,2022-10-14 07:54:00,386022.2566666667,377100.0350638811,8922.221602785634,10016.047383597936,-1093.8257808123017,20221014,94,0,381929.4,388728.28,386928.6
383,2022-10-14 07:59:00,392894.41,382774.17279331776,10120.237206682214,12534.998959279164,-2414.761752596951,20221014,95,0,386057.72,393061.25,391681.16
384,2022-10-14 08:04:00,407200.40666666685,388316.2596111124,18884.14705555449,15157.052743534345,3727.094312020152,20221014,96,0,400731.97,405704.38,403905.66
385,2022-10-14 08:09:00,410635.0033333334,393724.53063829406,16910.472695039352,16762.60134991533,147.8713451240219,20221014,97,0,412612.5,415603.5,412363.78
386,2022-10-14 08:14:00,415052.0499999999,398997.904654996,16054.145345003868,17087.122341016595,-1032.9769960127269,20221014,98,0,413001.2,416628.16,416268.16
387,2022-10-14 08:19:00,420963.1833333334,404135.9548555425,16827.228477790894,16847.957936094397,-20.729458303503637,20221014,99,0,415280.66,418553.7,418958.72
388,2022-10-14 08:24:00,425240.3833333334,409138.8756195236,16101.507713809784,16875.21677285903,-773.7090590492444,20221014,100,0,423639.84,425149.72,425174.88
389,2022-10-14 08:29:00,431203.52666666656,414007.44560756936,17196.081059097196,17377.03937937811,-180.95832028091536,20221014,101,0,428054.3,430332.94,430467.53
390,2022-10-14 08:34:00,438418.1533333333,418742.9873871181,19675.165946215275,18032.40230869856,1642.763637516713,20221014,102,0,434541.44,439580.34,439588.66
391,2022-10-14 08:39:00,441945.00333333353,423347.3240641969,18597.679269136628,18629.27418385069,-31.594914714063638,20221014,103,0,439568.06,440861.7,442706.66
392,2022-10-14 08:44:00,446433.89666666667,427822.7331228528,18611.163543813866,19434.38247984317,-823.2189360293087,20221014,104,0,448692.7,445926.78,446591.1
393,2022-10-14 08:49:00,452538.5,432171.8979547645,20366.602045235457,20837.27651580362,-470.6744705681631,20221014,105,0,451287.28,449302.03,448833.0
394,2022-10-14 08:54:00,459330.8666666668,436397.85740652174,22933.009260145074,22728.37563031496,204.6336298301176,20221014,106,0,457297.2,457902.72,455781.28
395,2022-10-14 08:59:00,464676.20333333325,440503.9537647664,24172.249568566916,24369.3158953749,-197.06632680798796,20221014,107,0,460306.72,461946.47,459480.66
396,2022-10-14 09:04:00,470673.3866666666,444493.77961444913,26179.60705221747,24898.110776282603,1281.4962759348673,20221014,108,0,470624.84,471809.4,468909.72
397,2022-10-14 09:09:00,471813.3133333332,448371.1239342531,23442.18939908006,23972.67689274703,-530.4874936669694,20221014,109,0,470663.5,475062.97,472834.38
398,2022-10-14 09:14:00,474129.18666666665,452139.91795694194,21989.26870972471,21987.61592389512,1.652785829592176,20221014,110,0,472582.94,477529.38,475762.38
399,2022-10-14 09:19:00,475257.5899999999,455804.181097163,19453.408902836905,19727.685950798445,-274.2770479615392,20221014,111,0,475682.75,478948.0,478084.78
400,2022-10-14 09:24:00,476649.0566666668,459367.96750059584,17281.089166070975,17818.431422022433,-537.3422559514584,20221014,112,0,481202.1,483464.2,483906.66
401,2022-10-14 09:29:00,479443.4066666666,462835.31355595926,16608.093110707356,16459.092912376014,149.00019833134138,20221014,113,0,484368.25,482517.28,486136.1
402,2022-10-14 09:34:00,483275.8333333336,466210.18682998593,17065.64650334767,15640.831531101672,1424.8149722459984,20221014,114,0,486900.1,484040.72,489031.28
403,2022-10-14 09:39:00,484378.3766666666,469496.4367942627,14881.939872403862,15560.364571079226,-678.4246986753642,20221014,115,0,487806.22,482862.28,488750.47
404,2022-10-14 09:44:00,488499.2366666667,472697.7477815022,15801.488885164494,16674.16174479162,-872.6728596271278,20221014,116,0,493109.72,487373.8,492446.4
405,2022-10-14 09:49:00,496570.39333333337,475817.59451170894,20752.798821624427,19259.536743380657,1493.2620782437698,20221014,117,0,496793.3,487706.6,493218.47
406,2022-10-14 09:54:00,499744.4233333333,478859.2005553669,20885.22277796641,22901.1482917974,-2015.925513830989,20221014,118,0,501284.88,494994.9,496464.62
407,2022-10-14 09:59:00,507164.01,481825.5000839245,25338.509916075564,26333.945466955323,-995.4355508797598,20221014,119,0,503395.16,499242.12,497502.47
408,2022-10-14 10:04:00,516839.0433333333,484719.1031598877,32119.94017344556,27949.50737759572,4170.43279584984,20221014,120,0,511029.72,513330.25,506410.1
409,2022-10-14 10:09:00,512585.7199999999,487542.2649309299,25043.45506907004,26879.3791988678,-1835.9241297977603,20221014,121,0,512809.03,517039.16,508410.34
410,2022-10-14 10:14:00,514653.9533333334,490296.8588968276,24357.094436505868,23703.06438870362,654.0300478022473,20221014,122,0,508508.0,512769.03,505863.78
411,2022-10-14 10:19:00,512147.8133333331,492984.35452264256,19163.45881069056,19914.955677446706,-751.4968667561479,20221014,123,0,504206.34,512006.0,504007.03
412,2022-10-14 10:24:00,509505.2799999999,495605.79935831705,13899.480641682863,16635.14472581215,-2735.6640841292865,20221014,124,0,501469.06,513890.5,506153.25
413,2022-10-14 10:29:00,515069.6700000001,498161.8058144447,16907.864185555372,13879.074277851005,3028.789907704368,20221014,125,0,502525.75,513226.28,508697.38
414,2022-10-14 10:34:00,512655.5333333335,500652.5427246528,12002.990608680702,11086.844933990482,916.1456746902204,20221014,126,0,505123.66,516497.94,513234.03
415,2022-10-14 10:39:00,509896.3633333332,503077.7317419395,6818.631591393729,8183.392931608277,-1364.761340214548,20221014,127,0,504641.47,514381.53,513956.16
416,2022-10-14 10:44:00,510840.7833333331,505436.6486503235,5404.134683009586,5869.2460188421455,-465.1113358325592,20221014,128,0,504787.8,514660.03,516448.28
417,2022-10-14 10:49:00,513843.1533333332,507728.12953559577,6115.0237977374345,5006.243286516335,1108.7805112211,20221014,129,0,508273.84,513259.28,516867.88
418,2022-10-14 10:54:00,515688.9200000001,509950.58182888327,5738.338171116833,5953.4423124123605,-215.10414129552737,20221014,130,0,514181.5,516080.38,519575.12
419,2022-10-14 10:59:00,517096.8933333334,512102.0001175044,4994.893215829041,8242.06604143176,-3247.17282560272,20221014,131,0,521401.56,518418.44,521028.72
420,2022-10-14 11:04:00,528371.0766666665,514179.98661323526,14191.090053431282,10667.466622106533,3523.6234313247496,20221014,132,0,533340.1,526790.4,529243.44
421,2022-10-14 11:09:00,528921.8433333333,516181.7761315152,12740.067201818048,12074.653795039872,665.4134067781761,20221014,133,0,536040.75,531185.6,531950.44
422,2022-10-14 11:14:00,529405.0199999999,518104.2653816537,11300.754618346224,12373.772652595111,-1073.0180342488857,20221014,134,0,538974.6,533953.25,534034.25
423,2022-10-14 11:19:00,532536.7,519944.0463642824,12592.65363571752,12626.22766630718,-33.57403058965792,20221014,135,0,540686.0,535656.3,535494.94
424,2022-10-14 11:24:00,535270.4700000001,521697.4435931016,13573.026406898513,14030.42273329961,-457.3963264010981,20221014,136,0,539304.94,535617.2,536744.0
425,2022-10-14 11:29:00,538393.2033333334,523360.5548871568,15032.648446176609,16857.787107883665,-1825.1386617070568,20221014,137,0,540367.94,536378.44,536809.25
426,2022-10-14 11:34:00,548143.2,524929.2953734291,23213.904626570875,20282.544441864287,2931.3601847065875,20221014,138,0,543099.6,543151.1,541712.2
427,2022-10-14 11:39:00,548423.0599999998,526399.4443991003,22023.61560089956,23188.44401049585,-1164.828409596288,20221014,139,0,544001.25,549475.4,544989.9
428,2022-10-14 11:44:00,554172.7066666667,527766.6949558788,26406.01171078789,25214.962256229173,1191.0494545587171,20221014,140,0,545493.75,552051.8,549680.5
429,2022-10-14 11:49:00,556693.7733333332,529026.7052286508,27667.068104682374,27110.827173413847,556.2409312685268,20221014,141,0,549792.06,557878.9,554694.5
430,2022-10-14 11:54:00,556812.0233333332,530175.1518708202,26636.871462512994,30086.845675403078,-3449.97421289008,20221014,142,0,560981.5,562486.0,563077.94
431,2022-10-14 11:59:00,568264.6233333333,531207.7845668488,37056.83876648452,34720.905504340175,2335.9332621443464,20221014,143,0,563701.75,563631.25,567238.8
432,2022-10-14 12:04:00,570931.0433333332,532120.4814482586,38810.5618850746,40395.80324500181,-1585.2413599272113,20221014,144,0,576367.0,577113.4,578940.8
433,2022-10-14 12:09:00,580368.8766666667,532909.3049113557,47459.571755310986,45753.39356101602,1706.1781942949674,20221014,145,0,589752.1,580284.1,586941.6
434,2022-10-14 12:14:00,583799.1233333333,533570.5573896791,50228.56594365416,49647.36060911326,581.2053345409004,20221014,146,0,590695.25,580926.2,587204.6
435,2022-10-14 12:19:00,583966.6233333334,534100.8366004176,49865.78673291579,51709.82523842517,-1844.0385055093795,20221014,147,0,586948.44,582350.3,585679.4
436,2022-10-14 12:24:00,587899.8099999999,534497.0898362643,53402.72016373568,52185.2911972457,1217.428966489977,20221014,148,0,585008.3,581902.75,583916.44
437,2022-10-14 12:29:00,585348.0533333335,534756.6668253897,50591.38650794374,51437.20456701249,-845.8180590687552,20221014,149,0,586426.9,582120.3,581467.25
438,2022-10-14 12:34:00,585125.7566666666,534877.3707218848,50248.38594478183,49667.22332685747,581.162617924354,20221014,150,0,589993.56,585261.4,583392.8
439,2022-10-14 12:39:00,581220.7466666668,534857.5067855954,46363.23988107138,46926.41500534473,-563.1751242733517,20221014,151,0,583826.5,581722.3,580453.7
440,2022-10-14 12:44:00,578376.97,534695.9283376614,43681.04166233854,43251.261121792544,429.7805405459949,20221014,152,0,583160.4,579147.2,578472.4
441,2022-10-14 12:49:00,573697.9733333334,534392.0795694949,39305.89376383845,38836.8229629296,469.07080090884847,20221014,153,0,576423.94,574915.1,573919.94
442,2022-10-14 12:54:00,567530.8566666668,533946.0348386227,33584.821828044136,34124.04179118167,-539.2199631375333,20221014,154,0,568681.94,571586.6,570258.8
443,2022-10-14 12:59:00,562553.2966666669,533358.5340719948,29194.76259467204,29660.20800019592,-465.4454055238857,20221014,155,0,565593.06,566525.0,566282.7
444,2022-10-14 13:04:00,559251.3300000001,532631.0139571384,26620.31604286167,25851.347582252107,768.9684606095616,20221014,156,0,561044.0,565711.7,566261.94
445,2022-10-14 13:09:00,554952.7133333335,531765.6345988713,23187.07873446215,22854.155876847854,332.92285761429594,20221014,157,0,558111.6,558295.9,562150.0
446,2022-10-14 13:14:00,549273.7266666667,530765.3013673146,18508.425299352035,20567.179172231805,-2058.75387287977,20221014,158,0,554389.75,551142.2,555472.25
447,2022-10-14 13:19:00,550309.9600000002,529633.6817070658,20676.27829293441,18609.41781600017,2066.860476934242,20221014,159,0,547827.0,543424.4,548044.7
448,2022-10-14 13:24:00,544354.2433333332,528375.2166793685,15979.026653964656,16450.427642546005,-471.4009885813503,20221014,160,0,545711.1,543025.7,543594.9
449,2022-10-14 13:29:00,540357.9833333334,526995.1270800792,13362.856253254227,13695.649598969096,-332.79334571486834,20221014,161,0,541305.6,537058.8,536598.4
450,2022-10-14 13:34:00,535405.4600000002,525499.4139897097,9906.046010290504,10229.857109905855,-323.81109961535003,20221014,162,0,537732.44,536617.0,534302.7
451,2022-10-14 13:39:00,531022.0266666667,523894.85367801005,7127.172988656675,6230.330759066734,896.8422295899418,20221014,163,0,530729.56,530419.5,528417.8
452,2022-10-14 13:44:00,524556.8033333333,522188.9867791912,2367.816554142104,2282.833058758755,84.98349538334878,20221014,164,0,526122.0,524895.44,522576.72
453,2022-10-14 13:49:00,520125.3633333334,520390.1017695903,-264.7384362568846,-578.2069778188904,313.46854156200584,20221014,165,0,520571.62,519220.53,516944.9
454,2022-10-14 13:54:00,516699.8833333335,518507.2127294858,-1807.329396152345,-1321.403902084921,-485.9254940674241,20221014,166,0,514186.0,516072.62,512760.22
455,2022-10-14 13:59:00,513407.7466666666,516550.0314912711,-3142.284824604518,210.99104140948896,-3353.2758660140066,20221014,167,0,509339.47,514032.03,510183.5
456,2022-10-14 14:04:00,520634.19000000006,514528.93427086825,6105.255729131808,2860.743445101359,3244.512284030449,20221014,168,0,511426.88,519489.28,515640.66
457,2022-10-14 14:09:00,518841.5533333333,512454.92293507786,6386.630398255424,4933.076257472588,1453.554140782836,20221014,169,0,510932.6,520763.0,516796.28
458,2022-10-14 14:14:00,514591.7466666667,510339.5811031473,4252.165563519404,5580.861864413151,-1328.696300893747,20221014,170,0,507186.06,516150.3,514056.6
459,2022-10-14 14:19:00,512813.6933333332,508195.025296074,4618.6680372591945,5256.121422868492,-637.4533856092976,20221014,171,0,506565.38,511390.62,510733.34
460,2022-10-14 14:24:00,511382.1333333334,506033.8514156118,5348.281917721615,4909.0326836355725,439.2492340860426,20221014,172,0,504691.75,508535.94,508141.28
461,2022-10-14 14:29:00,507947.8733333332,503869.0768279906,4078.796505342587,5059.6786894052,-980.8821840626132,20221014,173,0,503212.62,506418.44,505100.72
462,2022-10-14 14:34:00,507997.7200000001,501714.078435563,6283.641564437072,5585.042034278084,698.5995301589883,20221014,174,0,504762.0,508093.22,507255.6
463,2022-10-14 14:39:00,506613.7966666667,499582.52703665535,7031.269630011346,6132.607001752157,898.6626282591888,20221014,175,0,503667.22,504503.38,505468.1
464,2022-10-14 14:44:00,503504.5100000001,497488.3184097013,6016.19159029884,6642.774132516901,-626.5825422180606,20221014,176,0,502581.72,503571.1,503985.78
465,2022-10-14 14:49:00,502959.7200000001,495445.501533275,7514.218466725084,7462.806034316731,51.4124324083532,20221014,177,0,502844.72,502252.9,502941.9
466,2022-10-14 14:54:00,502107.9033333333,493468.204369289,8639.698964044277,8957.124581018676,-317.4256169743985,20221014,178,0,502892.4,502308.16,502229.75
467,2022-10-14 14:59:00,501586.3766666666,491570.55768474215,10015.818981924444,11043.613987413084,-1027.7950054886403,20221014,179,0,502676.8,501853.3,501408.84
468,2022-10-14 15:04:00,504638.3833333333,489766.6173753672,14871.765957966156,13155.54797628301,1716.2179816831467,20221014,180,0,507526.4,506463.5,506108.28
469,2022-10-14 15:09:00,502775.7200000001,488070.2858068551,14705.434193145018,14705.665346357073,-0.2311532120529591,20221014,181,0,506537.44,507525.78,507425.1
470,2022-10-14 15:14:00,501475.9133333335,486495.23263635096,14980.68069698254,15568.056092164685,-587.3753951821418,20221014,182,0,506532.5,506394.22,508428.16
471,2022-10-14 15:19:00,500885.4166666666,485054.815663303,15830.601003363612,16067.85032804151,-237.24932467789768,20221014,183,0,507545.12,504664.53,508830.47
472,2022-10-14 15:24:00,501041.9433333333,483762.0021884208,17279.941144912562,16612.08574797807,667.8553969344903,20221014,184,0,510681.8,504273.78,509439.84
473,2022-10-14 15:29:00,499209.2366666666,482629.2914006243,16579.945266042254,17427.25584028374,-847.3105742414846,20221014,185,0,512718.44,505132.62,509806.22
474,2022-10-14 15:34:00,500926.95666666667,481668.6383089037,19258.31835776294,18525.525740512217,732.7926172507214,20221014,186,0,516621.12,508177.03,513755.62
475,2022-10-14 15:39:00,500549.2633333336,480891.3796970139,19657.88363631972,19749.874346462748,-91.990710143029,20221014,187,0,518040.9,507214.56,513810.25
476,2022-10-14 15:44:00,500103.31000000006,480308.1626009804,19795.147399019625,20800.9055066552,-1005.7581076355746,20221014,188,0,517143.4,505683.03,512803.38
477,2022-10-14 15:49:00,501760.5599999999,479928.8757782464,21831.6842217535,21307.13257406239,524.5516476911107,20221014,189,0,517755.94,503900.7,511633.16
478,2022-10-14 15:54:00,502907.99333333335,479762.5846222044,23145.408711128985,21085.75715098528,2059.651560143702,20221014,190,0,513908.22,499057.72,507082.75
479,2022-10-14 15:59:00,497835.5299999999,479817.469952868,18018.060047131963,20407.477887242057,-2389.4178401100944,20221014,191,0,507475.4,496059.78,500457.84
480,2022-10-14 16:04:00,500252.39,480100.7711022355,20151.618897764536,19798.44944464243,353.16945312210737,20221014,192,0,507022.5,498644.06,499782.75
481,2022-10-14 16:09:00,500093.5833333335,480618.7336619845,19474.84967134905,19502.044388798386,-27.194717449336167,20221014,193,0,505911.47,500883.6,499621.53
482,2022-10-14 16:14:00,500903.29000000015,481376.5622635177,19526.72773648245,19287.98221454458,238.7455219378753,20221014,194,0,504778.25,501760.72,500552.88
483,2022-10-14 16:19:00,501506.21000000014,482378.3786924081,19127.831307592045,18800.092687687087,327.7386199049579,20221014,195,0,505024.16,502497.75,501416.5
484,2022-10-14 16:24:00,501947.6566666666,483627.18563959614,18320.47102707048,17964.04848074653,356.4225463239527,20221014,196,0,507791.97,504704.72,503774.9
485,2022-10-14 16:29:00,501147.28666666674,485124.8363371532,16022.450329513522,17018.99951435621,-996.5491848426864,20221014,197,0,507428.6,505227.28,504997.4
486,2022-10-14 16:34:00,503003.7166666666,486872.0102796899,16131.7063869767,16192.457354440505,-60.75096746380223,20221014,198,0,508071.84,506270.28,507497.62
487,2022-10-14 16:39:00,504698.2033333333,488868.1952242103,15830.00810912304,15429.337549334108,400.6705597889304,20221014,199,0,506133.88,504684.9,507033.72
488,2022-10-14 16:44:00,505891.55999999976,491111.67557665205,14779.884423347714,14514.379926801408,265.50449654630575,20221014,200,0,506560.16,507050.34,508921.4
489,2022-10-14 16:49:00,507155.23999999993,493599.5272848,13555.712715199974,13415.059430433208,140.65328476676586,20221014,201,0,507230.47,508444.8,511110.0
490,2022-10-14 16:54:00,508689.3466666668,496327.6192536405,12361.727413026269,12392.074197010104,-30.346783983837668,20221014,202,0,512510.25,510103.56,513815.5
491,2022-10-14 16:59:00,509595.6266666668,499290.6213283631,10305.005338303745,11722.065033474644,-1417.0596951708994,20221014,203,0,517005.34,510588.6,515277.97
492,2022-10-14 17:04:00,515221.52666666673,502482.0187740392,12739.507892627502,11362.622639951922,1376.88525267558,20221014,204,0,523306.25,513630.03,518997.25
493,2022-10-14 17:09:00,516675.05,505894.1332068139,10780.9167931861,10976.31024893179,-195.3934557456887,20221014,205,0,526019.8,517423.7,521222.84
494,2022-10-14 17:14:00,519732.8233333334,509518.1498172251,10214.673516108303,10260.304193324611,-45.63067721630614,20221014,206,0,526865.94,518989.0,522139.47
495,2022-10-14 17:19:00,522648.91,513344.1507743342,9304.759225665766,9158.172126114032,146.58709955173435,20221014,207,0,528233.8,521360.38,523037.0
496,2022-10-14 17:24:00,524469.9199999998,517361.15457073227,7108.765429267543,7785.309649681492,-676.544220413949,20221014,208,0,528572.2,522628.4,523656.53
497,2022-10-14 17:29:00,528513.6666666666,521557.1611204811,6956.505546185537,6287.361321583888,669.1442246016495,20221014,209,0,527079.8,523953.44,523983.16
498,2022-10-14 17:34:00,531000.766666667,525919.2022512023,5081.564415464643,4825.509693118696,256.0547223459471,20221014,210,0,530543.9,530883.7,528829.56
499,2022-10-14 17:39:00,533296.5166666666,530433.3973901027,2863.11927656387,3597.3954556687872,-734.2761791049174,20221014,211,0,532653.75,530976.5,530289.94
500,2022-10-14 17:44:00,537578.1166666666,535085.0140414807,2493.1026251858566,2737.312898408139,-244.21027322228247,20221014,212,0,535545.7,535360.0,533831.1
501,2022-10-14 17:49:00,543020.86,539858.5326765751,3162.3273234248627,2227.4785496797986,934.848773745064,20221014,213,0,538495.5,540680.56,537822.2
502,2022-10-14 17:54:00,547173.8566666667,544737.7156903427,2436.140976323979,1999.0537382825707,437.0872380414082,20221014,214,0,541452.56,546856.0,542857.7
503,2022-10-14 17:59:00,549818.8166666667,549705.6799655778,113.13670108886436,1993.4614244341085,-1880.324723345244,20221014,215,0,544921.44,551177.7,548074.9
504,2022-10-14 18:04:00,557332.0400000002,554744.9726152858,2587.067384714377,1972.8590457796377,614.2083389347395,20221014,216,0,554797.1,559524.25,557331.56
505,2022-10-14 18:09:00,561813.2299999999,559837.6494564677,1975.580543532153,1457.9080206265753,517.6725229055774,20221014,217,0,558185.7,561857.0,561041.44
506,2022-10-14 18:14:00,566143.0533333333,564965.3557168926,1177.6976164407097,121.46590272989393,1056.2317137108157,20221014,218,0,560704.2,563729.94,563082.94
507,2022-10-14 18:19:00,566882.1499999998,570109.4085080879,-3227.258508088067,-1830.3987413145364,-1396.8597667735307,20221014,219,0,562947.5,567752.1,565706.94
508,2022-10-14 18:24:00,571478.3666666666,575250.8805593888,-3772.5138927222,-3880.811035718069,108.29714299586884,20221014,220,0,566342.9,568853.75,568405.56
509,2022-10-14 18:29:00,573711.3366666667,580370.6847343841,-6659.348067717394,-5776.674507449913,-882.6735602674808,20221014,221,0,570111.4,571169.3,570752.7
510,2022-10-14 18:34:00,579382.036666667,585449.6588042362,-6067.62213756924,-7718.277847822833,1650.6557102535926,20221014,222,0,575023.06,578889.9,577209.6
511,2022-10-14 18:39:00,580310.22,590468.6499913456,-10158.42999134562,-9976.686739606816,-181.74325173880425,20221014,223,0,577302.4,580649.1,579260.94
512,2022-10-14 18:44:00,582329.7233333335,595408.5988088609,-13078.87547552737,-12501.431661244444,-577.4438142829258,20221014,224,0,580692.3,582303.44,581588.4
513,2022-10-14 18:49:00,585508.2566666668,600250.6216596494,-14742.364992982592,-15013.61695754956,271.25196456696904,20221014,225,0,585357.2,585615.5,585023.6
514,2022-10-14 18:54:00,587059.2733333333,604976.091788054,-17916.818454720662,-17410.00269614676,-506.8157585739027,20221014,226,0,589509.75,590642.0,589601.75
515,2022-10-14 18:59:00,588841.1266666667,609566.7181100061,-20725.591443339363,-19983.071740724197,-742.5197026151691,20221014,227,0,592409.75,592860.44,593196.06
516,2022-10-14 19:04:00,593200.35,614004.621417169,-20804.271417169017,-23183.521789276136,2379.250372107119,20221014,228,0,598598.44,598237.75,599809.3
517,2022-10-14 19:09:00,590079.3366666666,618272.407648915,-28193.07098224841,-27098.6593847725,-1094.4115974759045,20221014,229,0,600041.25,596508.6,599713.44
518,2022-10-14 19:14:00,591099.2566666666,622353.2377695477,-31253.98110288114,-31215.276093594013,-38.705009287124994,20221014,230,0,601883.8,593548.9,598957.44
519,2022-10-14 19:19:00,591014.61,626230.8938727686,-35216.28387276863,-34797.732611250976,-418.5512615176558,20221014,231,0,602191.4,594479.4,600058.3
520,2022-10-14 19:24:00,592527.2533333334,629889.8412319911,-37362.58789865766,-37483.35678805806,120.76888940040226,20221014,232,0,605565.44,595532.94,602299.75
521,2022-10-14 19:29:00,593113.6399999999,633315.2859428462,-40201.64594284631,-39511.1204435685,-690.5254992778137,20221014,233,0,608948.94,596187.4,603575.25
522,2022-10-14 19:34:00,596526.6933333334,636493.227900342,-39966.53456700861,-41431.59858012096,1465.064013112351,20221014,234,0,614785.6,602625.8,608756.94
523,2022-10-14 19:39:00,595842.7033333331,639410.5088726584,-43567.80553932523,-43566.624437102335,-1.1811022228939692,20221014,235,0,616092.9,603227.2,609112.6
524,2022-10-14 19:44:00,595505.6966666665,642054.8554645318,-46549.15879786527,-45712.778010893104,-836.3807869721641,20221014,236,0,614949.25,599763.3,607120.06
525,2022-10-14 19:49:00,597081.6433333333,644414.9167882568,-47333.27345492353,-47372.76148683872,39.48803191518528,20221014,237,0,615107.5,599289.75,606366.5
526,2022-10-14 19:54:00,598926.5900000001,646480.2967398544,-47553.7067398543,-48219.62999292236,665.9232530680601,20221014,238,0,615018.25,601118.56,606765.9
527,2022-10-14 19:59:00,598559.4633333331,648241.5807688907,-49682.117435557535,-48361.84124657714,-1320.276188980395,20221014,239,0,614517.25,601640.56,606719.7
528,2022-10-14 20:04:00,601923.5966666667,649690.3570893657,-47766.76042269904,-48324.10376589941,557.343343200373,20221014,240,0,618799.3,607328.75,612043.7
529,2022-10-14 20:09:00,602583.0866666667,650819.2323241349,-48236.14565746824,-48767.58340255153,531.4377450832908,20221014,241,0,617347.25,606894.8,611863.94
530,2022-10-14 20:14:00,601617.2666666666,651621.8415917417,-50004.57492507505,-50007.732335780966,3.1574107059132075,20221014,242,0,617689.94,606973.75,610818.94
531,2022-10-14 20:19:00,600658.37,652092.8531106581,-51434.483110658126,-51665.421803973615,230.9386933154892,20221014,243,0,616384.8,606087.9,609628.25
532,2022-10-14 20:24:00,599426.8400000002,652227.9674070397,-52801.12740703952,-52805.88683307272,4.759426033204363,20221014,244,0,615524.3,604877.25,609856.75
533,2022-10-14 20:29:00,598749.8566666665,652023.9112579263,-53274.0545912598,-52552.85371846925,-721.2008727905559,20221014,245,0,614924.75,602972.56,608635.6
534,2022-10-14 20:34:00,599916.3699999998,651478.4265427983,-51562.05654279853,-50829.471428370925,-732.5851144276021,20221014,246,0,614043.94,602968.1,608135.4
535,2022-10-14 20:39:00,601279.0466666669,650590.2541874021,-49311.20752073522,-48664.01850092989,-647.1890198053297,20221014,247,0,610664.1,602768.4,607077.9
536,2022-10-14 20:44:00,604873.8699999999,649359.1134449004,-44485.243444900494,-47579.24914008224,3094.005695181746,20221014,248,0,611016.9,604249.25,607854.2
537,2022-10-14 20:49:00,599107.03,647785.6767522694,-48678.64675226936,-48364.39589993501,-314.2508523343422,20221014,249,0,610766.44,605483.75,607481.3
538,2022-10-14 20:54:00,594219.9200000002,645871.5404683008,-51651.62046830065,-50403.52349574305,-1248.0969725575997,20221014,250,0,610264.94,603185.8,606947.56
539,2022-10-14 20:59:00,591794.7366666666,643619.1917740175,-51824.45510735095,-52312.83068928492,488.37558193397126,20221014,251,0,610202.75,599537.5,606054.56
540,2022-10-14 21:04:00,584302.53,641031.9720833597,-56729.442083359696,-53176.66979508099,-3552.7722882787057,20221014,252,0,611231.75,598328.25,606886.3
541,2022-10-14 21:09:00,591472.8833333331,638114.0372947517,-46641.15396141866,-53067.89523044408,6426.7412690254205,20221014,253,0,608695.44,589979.25,602824.44
542,2022-10-14 21:14:00,576937.2633333331,634870.3152625795,-57933.0519292464,-52535.84979852037,-5397.202130726029,20221014,254,0,606700.9,589885.75,599918.94
543,2022-10-14 21:19:00,583526.2333333336,631306.4608444952,-47780.22751116159,-51971.250393905255,4191.022882743666,20221014,255,0,603211.7,582824.44,595663.1
544,2022-10-14 21:24:00,571232.0833333335,627428.8089303935,-56196.72559706005,-51582.14490141848,-4614.580695641569,20221014,256,0,599033.94,579863.5,590962.6
545,2022-10-14 21:29:00,575681.1100000001,623244.3258155141,-47563.21581551398,-51624.22796487132,4061.012149357339,20221014,257,0,595246.44,573758.8,586350.44
546,2022-10-14 21:34:00,563776.2833333331,618760.5593369495,-54984.2760036164,-52272.09307251036,-2712.1829311060355,20221014,258,0,594446.2,574993.0,583913.2
547,2022-10-14 21:39:00,564772.6466666665,613985.5881595442,-49212.94149287767,-53241.90332001144,4028.961827133768,20221014,259,0,590773.1,566036.7,577030.94
548,2022-10-14 21:44:00,549546.8133333332,608927.9705866314,-59381.15725329821,-53770.76985172897,-5610.387401569242,20221014,260,0,589587.25,563540.94,572684.94
549,2022-10-14 21:49:00,554939.6933333331,603596.6933287825,-48656.999995449325,-53130.21859545392,4473.218600004591,20221014,261,0,585250.1,557623.94,568565.5
550,2022-10-14 21:54:00,544348.4033333331,598001.1205541097,-53652.7172207766,-51132.67334830519,-2520.0438724714118,20221014,262,0,578715.4,554186.4,562940.4
551,2022-10-14 21:59:00,544148.7966666665,592150.9435864731,-48002.14691980661,-48200.5696951747,198.42277536809704,20221014,263,0,572231.75,549368.9,558070.44
552,2022-10-14 22:04:00,541556.0,586056.1317004698,-44500.13170046976,-45092.982957945205,592.8512574754423,20221014,264,0,563980.3,546769.6,554692.94
553,2022-10-14 22:09:00,539003.5033333332,579726.8842001132,-40723.38086678006,-42459.423968618015,1736.0431018379531,20221014,265,0,557151.1,538846.4,546402.8
554,2022-10-14 22:14:00,529362.7066666667,573173.5842142071,-43810.87754754047,-40520.11585731799,-3290.7616902224763,20221014,266,0,545588.5,531478.6,537163.56
555,2022-10-14 22:19:00,529273.2099999998,566406.7544349805,-37133.544434980606,-39211.46795325068,2077.923518270072,20221014,267,0,539222.3,525937.44,530298.8
556,2022-10-14 22:24:00,519293.3233333331,559437.0151394596,-40143.69180612656,-38469.16881313804,-1674.5229929885245,20221014,268,0,529391.4,522464.84,523192.12
557,2022-10-14 22:29:00,518537.2133333334,552275.0446560854,-33737.831322752056,-38121.89870297584,4384.06738022378,20221014,269,0,524055.0,514918.9,515562.22
558,2022-10-14 22:34:00,501290.7866666665,544931.5425650394,-43640.75589837285,-37728.77286627179,-5911.98303210106,20221014,270,0,511154.7,507261.2,505649.4
559,2022-10-14 22:39:00,504373.4166666667,537417.1957961523,-33043.77912948566,-36929.55340952724,3885.77428004158,20221014,271,0,503136.0,496838.88,496792.22
560,2022-10-14 22:44:00,490636.16,529742.6477407714,-39106.48774077144,-35912.690255977446,-3193.7974847939918,20221014,272,0,489125.12,490340.06,486851.97
561,2022-10-14 22:49:00,490111.2366666667,521918.4706545514,-31807.233987884712,-35219.98106183133,3412.7470739466157,20221014,273,0,479946.3,482288.7,478180.38
562,2022-10-14 22:54:00,477513.1699999998,513955.14122630825,-36441.97122630844,-34987.554266574145,-1454.4169597342916,20221014,274,0,468782.9,475611.0,469077.4
563,2022-10-14 22:59:00,474127.1233333334,505863.01960511657,-31735.89627178316,-34503.71729383347,2767.8210220503097,20221014,275,0,458823.1,467757.62,461235.1
564,2022-10-14 23:04:00,459413.82,497652.33175618434,-38238.511756184336,-32769.48192868809,-5469.029827496248,20221014,276,0,449883.6,462507.4,454827.72
565,2022-10-14 23:09:00,461274.3633333335,489333.1552450696,-28058.791911736076,-29694.83163477728,1636.039723041209,20221014,277,0,440169.0,452752.53,445103.12
566,2022-10-14 23:14:00,455762.6500000001,480915.40836081374,-25152.758360813663,-26554.4455037284,1401.687142914736,20221014,278,0,428942.28,441540.1,434475.66
567,2022-10-14 23:19:00,447576.45666666655,472408.84259786754,-24832.385931200988,-24958.21909200212,125.83316080113218,20221014,279,0,421305.88,432170.38,424742.16
568,2022-10-14 23:24:00,439135.78666666674,463823.0383246939,-24687.251658027177,-25389.196639629503,701.9449816023262,20221014,280,0,409221.62,420531.7,413777.47
569,2022-10-14 23:29:00,428834.2199999999,455167.4035214389,-26333.18352143897,-26819.79051318462,486.606991745648,20221014,281,0,400793.44,411385.25,404597.6
570,2022-10-14 23:34:00,413790.4099999999,446451.1755933833,-32660.765593383403,-27674.355671848585,-4986.409921534818,20221014,282,0,387067.12,400131.22,394160.53
571,2022-10-14 23:39:00,416126.5433333333,437683.42585529527,-21556.88252196199,-27122.07515589977,5565.192633937779,20221014,283,0,381158.3,390544.97,386175.6
572,2022-10-14 23:44:00,398655.46666666673,428873.0666760588,-30217.600009392077,-25491.586083399547,-4726.013925992527,20221014,284,0,372089.7,379273.6,376446.6
573,2022-10-14 23:49:00,401152.79999999993,420028.86096483946,-18876.060964839533,-23640.981036533944,4764.920071694411,20221014,285,0,366846.72,369762.28,368308.38
574,2022-10-14 23:54:00,386213.5566666666,411159.4338455117,-24945.87717884505,-22143.59924015516,-2802.2779386898983,20221014,286,0,358516.94,359738.75,359127.84
575,2022-10-14 23:59:00,381270.2566666664,402273.28617488325,-21003.02950821683,-20999.074668289835,-3.954839926995192,20221014,287,0,353219.8,353219.8,353219.8
